d,SCTG,o,usd,records,dc_usd,dc_records,share,r,k1_delta0,k1_delta0.25,k1_delta1,k2_delta0,k2_delta0.25,k2_delta1,k5_delta0,k5_delta0.25,k5_delta1,delta_needed_k1,year,persistence,role,group
AK,04,TN,529585.8,1,731908.2,5,0.7236,3578.0,45,46,46,45,46,46,45,46,46,0.0,2012,transient,Market,farm and food
AK,06,VT,171077.0,2,305242.6,7,0.5605,3225.5,29,48,48,29,48,48,29,48,48,0.0,2012,transient,Market,farm and food
AK,07,WA,93902064.3,18,150023422.0,65,0.6259,1448.0,0,2,20,0,2,19,0,2,17,0.0635,2012,transient,Market,farm and food
AK,08,CA,2247082.8,8,3155644.1,14,0.7121,2440.0,8,18,39,7,17,38,7,17,37,0.0,2012,transient,Market,farm and food
AK,09,FL,11523030.8,2,13064401.5,10,0.882,3794.0,30,30,30,30,30,30,22,22,22,0.0,2012,transient,Market,farm and food
AK,13,WA,3310223.2,4,3310223.2,4,1.0,866.0,0,0,1,0,0,1,0,0,0,0.7898,2012,transient,Market,bulk minerals
AK,19,CA,57433.0,1,62623.9,2,0.9171,2350.0,8,21,46,8,21,46,8,21,46,0.0,2012,transient,Market,fuels
AK,21,WA,505161029.0,39,683157802.5,94,0.7394,1449.0,0,1,13,0,0,10,0,0,8,0.06,2012,transient,Market,chemicals
AK,22,OR,812.0,1,812.0,1,1.0,1560.0,1,3,25,1,3,25,1,3,25,0.0,2012,transient,Market,chemicals
AK,25,HI,5055.6,1,5055.6,1,1.0,3012.0,18,39,40,18,39,40,17,38,39,0.0,2012,transient,Market,wood and paper
AK,26,WA,56749451.6,36,64155768.0,52,0.8846,1430.0,0,2,18,0,2,16,0,2,12,0.1671,2012,transient,Market,wood and paper
AK,32,WA,42922947.9,14,55418385.8,52,0.7745,1439.0,0,0,17,0,0,17,0,0,13,0.2502,2012,transient,Market,metals and minerals
AK,39,NY,63378960.0,2,98040005.5,61,0.6465,3225.5,27,45,45,24,37,37,23,34,34,0.0,2012,transient,Market,other manufactured
AK,40,NY,503670349.8,18,904458163.0,363,0.5569,3052.0,23,45,46,21,42,43,14,31,32,0.0,2012,transient,Market,other manufactured
AK,41,WA,343736.4,1,343736.4,1,1.0,716.0,0,0,0,0,0,0,0,0,0,1.1648,2012,transient,Market,scrap and mixed
AK,43,WA,2457907610.3,172,2973542963.6,290,0.8266,1450.0,0,1,13,0,1,12,0,0,3,0.0841,2012,persistent,Market,scrap and mixed
AL,03,NY,2125205330.7,12,3807862384.9,412,0.5581,939.0,10,11,11,6,6,6,0,0,0,0.0,2012,transient,Generalist,farm and food
AL,09,TN,237181914.7,6,329768396.6,100,0.7192,263.5,2,2,3,2,2,3,1,1,2,0.0,2012,transient,Generalist,farm and food
AL,10,TX,1526804.3,4,2008031.6,9,0.7603,571.0,7,11,21,7,11,21,6,9,18,0.0,2012,transient,Generalist,bulk minerals
AL,25,MS,31862395.5,15,47186135.4,49,0.6752,82.0,0,1,1,0,1,1,0,0,0,0.0488,2012,transient,Generalist,wood and paper
AL,30,MS,8775748404.4,101,12473333616.8,2428,0.7036,183.0,1,2,4,0,1,2,0,0,0,0.0,2012,transient,Generalist,other manufactured
AR,03,GA,307291145.1,26,484857117.8,174,0.6338,503.0,9,13,23,9,12,21,5,5,11,0.0,2012,transient,Generalist,farm and food
AR,08,TX,187079220.8,37,331216582.1,99,0.5648,567.0,8,10,18,7,9,17,6,7,13,0.0,2012,transient,Generalist,farm and food
AR,10,GA,34652950.2,1,68627448.6,25,0.5049,587.0,4,4,8,2,2,5,0,0,0,0.0,2012,transient,Generalist,bulk minerals
AR,15,WY,94643866.4,7,95364247.1,8,0.9924,948.0,8,9,10,7,8,9,6,7,8,0.0,2012,persistent,Generalist,bulk minerals
AR,17,TN,777032810.4,23,999999186.5,55,0.777,62.0,0,0,0,0,0,0,0,0,0,2.3226,2012,transient,Generalist,fuels
AR,18,TN,405148581.2,6,482504032.0,25,0.8397,14.0,0,0,0,0,0,0,0,0,0,12.4286,2012,transient,Generalist,fuels
AR,37,MO,803956374.5,116,1520407309.2,349,0.5288,27.0,0,0,0,0,0,0,0,0,0,5.5185,2012,transient,Generalist,machinery and vehicles
AR,41,TX,628243687.9,117,1006577369.4,402,0.6241,453.0,4,8,15,2,2,5,0,0,1,0.0,2012,transient,Generalist,scrap and mixed
AZ,02,MT,153927903.1,3,291073273.6,9,0.5288,1055.0,7,15,23,6,13,19,3,9,14,0.0,2012,transient,Market,farm and food
AZ,03,CA,649537412.1,124,1110460542.3,314,0.5849,351.0,0,0,0,0,0,0,0,0,0,1.0541,2012,persistent,Market,farm and food
AZ,07,CA,3876945694.0,419,6726899806.4,1186,0.5763,365.0,0,0,1,0,0,0,0,0,0,0.8082,2012,transient,Market,farm and food
AZ,08,CA,676042652.1,94,1214685202.1,205,0.5566,630.0,1,1,4,1,1,3,0,0,1,0.0,2012,persistent,Market,farm and food
AZ,10,CA,1554927.8,23,1961469.9,24,0.7927,512.0,0,1,7,0,1,6,0,1,5,0.1309,2012,transient,Market,bulk minerals
AZ,11,CA,34497622.5,4,39675173.3,24,0.8695,318.0,0,1,1,0,0,0,0,0,0,0.0031,2012,transient,Market,bulk minerals
AZ,13,CA,20366851.9,19,37931461.1,65,0.5369,423.0,1,1,6,1,1,6,0,0,3,0.0,2012,transient,Market,bulk minerals
AZ,15,WY,44501276.9,7,83848687.1,23,0.5307,704.0,1,2,2,1,2,2,1,2,2,0.0,2012,transient,Market,bulk minerals
AZ,17,NM,556304452.9,18,752445815.6,38,0.7393,121.5,0,0,0,0,0,0,0,0,0,1.8395,2012,transient,Market,fuels
AZ,18,NM,310972867.4,11,370412678.9,34,0.8395,132.0,0,0,0,0,0,0,0,0,0,1.6439,2012,transient,Market,fuels
AZ,19,CA,1164558710.4,83,1691663289.1,240,0.6884,351.0,0,0,1,0,0,1,0,0,0,0.6781,2012,transient,Market,fuels
AZ,25,CA,6565622.3,10,12894185.1,17,0.5092,597.0,1,2,10,1,2,8,0,0,3,0.0,2012,transient,Market,wood and paper
AZ,28,CA,403966856.2,176,795784278.9,576,0.5076,426.0,1,1,2,1,1,1,0,0,0,0.0,2012,transient,Market,wood and paper
AZ,43,CA,4627068240.9,443,7479410038.6,1426,0.6186,353.0,0,1,3,0,0,0,0,0,0,0.1756,2012,transient,Market,scrap and mixed
CA,02,NE,3027057202.4,11,3523480828.6,75,0.8591,1190.0,2,3,4,1,2,2,0,0,0,0.0,2012,transient,Engine,farm and food
CA,11,NV,25608030.2,107,50689136.8,147,0.5052,274.0,0,0,0,0,0,0,0,0,0,1.2245,2012,transient,Engine,bulk minerals
CA,15,MT,5444854.7,4,6257349.5,5,0.8702,993.0,3,3,10,2,2,9,2,2,8,0.0,2012,transient,Engine,bulk minerals
CA,17,NE,1216074202.6,124,1971881345.5,265,0.6167,1246.0,1,6,18,1,3,11,0,1,4,0.0,2012,transient,Engine,fuels
CA,18,HI,753777992.1,3,775500040.4,39,0.972,2414.0,13,16,16,9,10,10,2,2,2,0.0,2012,transient,Engine,fuels
CA,25,WA,37345419.2,6,47061425.8,44,0.7935,789.0,0,0,2,0,0,2,0,0,0,0.8821,2012,transient,Engine,wood and paper
CO,02,ID,166325522.2,2,292654049.2,44,0.5683,450.0,2,5,13,2,5,12,2,5,11,0.0,2012,transient,Generalist,farm and food
CO,08,CA,437639666.0,69,799799097.6,207,0.5472,900.0,5,8,16,4,7,13,1,3,3,0.0,2012,transient,Generalist,farm and food
CO,09,NC,174918182.1,9,299112518.1,76,0.5848,1391.0,9,13,14,7,9,9,2,4,4,0.0,2012,transient,Generalist,farm and food
CO,10,MN,24880979.0,7,39445650.8,52,0.6308,667.0,2,4,8,0,1,4,0,0,2,0.0,2012,transient,Generalist,bulk minerals
CO,11,MN,32448513.9,34,62650174.6,85,0.5179,630.0,3,7,13,1,3,8,0,1,3,0.0,2012,transient,Generalist,bulk minerals
CO,12,IN,6992852.5,7,12015371.0,27,0.582,952.0,15,22,34,13,19,30,6,10,18,0.0,2012,transient,Generalist,bulk minerals
CO,14,CA,15653800.2,3,19837282.4,19,0.7891,603.0,5,9,15,5,9,15,5,9,14,0.0,2012,transient,Generalist,bulk minerals
CO,15,WY,216307203.8,54,220197033.4,55,0.9823,312.0,0,0,1,0,0,1,0,0,0,0.7788,2012,persistent,Generalist,bulk minerals
CO,17,NM,203781082.6,18,371311254.5,42,0.5488,56.0,0,1,1,0,0,0,0,0,0,0.2232,2012,transient,Generalist,fuels
CO,18,NM,95659910.4,7,177758856.2,28,0.5381,123.0,0,0,0,0,0,0,0,0,0,1.1626,2012,transient,Generalist,fuels
CO,37,TX,790028982.8,25,1503545482.1,306,0.5254,636.0,3,5,18,2,4,12,2,2,6,0.0,2012,transient,Generalist,machinery and vehicles
CT,02,OH,13099161.6,1,16979163.4,4,0.7715,560.0,7,11,20,5,9,18,4,6,15,0.0,2012,transient,Generalist,farm and food
CT,03,NJ,669222745.3,55,1109993473.0,241,0.6029,179.0,1,2,2,1,2,2,1,1,1,0.0,2012,transient,Generalist,farm and food
CT,09,FL,80439949.3,3,93981458.1,30,0.8559,1051.0,17,19,20,11,13,14,5,6,7,0.0,2012,transient,Generalist,farm and food
CT,10,NJ,37085511.7,11,56536480.0,55,0.656,148.0,1,1,2,0,0,0,0,0,0,0.0,2012,transient,Generalist,bulk minerals
CT,12,MA,14724036.2,46,21085269.3,50,0.6983,18.0,0,0,0,0,0,0,0,0,0,4.1667,2012,persistent,Generalist,bulk minerals
CT,14,NM,223629777.4,16,228122890.3,21,0.9803,2072.0,8,10,10,6,8,8,3,5,5,0.0,2012,transient,Generalist,bulk minerals
CT,15,KY,46723394.5,6,46723394.5,6,1.0,800.0,7,8,8,6,7,7,5,6,6,0.0,2012,transient,Generalist,bulk minerals
CT,25,MD,1440362.3,1,2586329.7,6,0.5569,291.0,5,5,8,5,5,8,4,4,7,0.0,2012,transient,Generalist,wood and paper
DC,02,NY,94130350.5,2,94130350.5,2,1.0,231.0,2,2,4,0,0,2,0,0,1,0.0,2012,transient,Market,farm and food
DC,03,MD,74273080.3,37,118232363.5,56,0.6282,8.0,0,0,0,0,0,0,0,0,0,6.8125,2012,persistent,Market,farm and food
DC,04,MN,5342813.3,2,5925179.7,3,0.9017,922.0,28,33,40,28,33,39,28,33,39,0.0,2012,transient,Market,farm and food
DC,05,MD,215939317.8,88,365624932.4,168,0.5906,8.0,0,0,1,0,0,1,0,0,1,1.0,2012,persistent,Market,farm and food
DC,06,MD,31461216.7,71,41122260.1,81,0.7651,8.0,0,0,0,0,0,0,0,0,0,7.125,2012,persistent,Market,farm and food
DC,07,MD,172951770.2,106,297197593.4,176,0.5819,8.0,0,0,1,0,0,1,0,0,1,0.875,2012,persistent,Market,farm and food
DC,09,MD,22320510.1,13,25828130.4,19,0.8642,30.0,0,0,0,0,0,0,0,0,0,1.1667,2012,transient,Market,farm and food
DC,10,NJ,9800919.2,4,11013062.5,11,0.8899,127.5,2,2,2,0,0,0,0,0,0,0.0,2012,transient,Market,bulk minerals
DC,11,MD,2099617.6,18,2282433.9,19,0.9199,70.0,2,2,5,2,2,5,2,2,3,0.0,2012,persistent,Market,bulk minerals
DC,12,VA,1439113.6,8,1862813.0,13,0.7725,20.0,1,1,1,1,1,1,1,1,1,0.0,2012,transient,Market,bulk minerals
DC,13,NJ,497678.4,1,497678.4,1,1.0,204.0,5,6,12,5,6,12,5,6,11,0.0,2012,transient,Market,bulk minerals
DC,14,IL,954535.3,1,954535.3,1,1.0,616.0,10,11,15,10,11,15,10,10,14,0.0,2012,transient,Market,bulk minerals
DC,17,VA,421125988.2,10,421125988.2,10,1.0,15.0,1,1,1,1,1,1,0,0,0,0.0,2012,persistent,Market,fuels
DC,18,MD,79263936.5,20,86149151.4,23,0.9201,5.0,0,0,0,0,0,0,0,0,0,1.8,2012,transient,Market,fuels
DC,19,MD,10063625.4,6,10712554.8,8,0.9394,16.5,0,0,1,0,0,1,0,0,1,0.2727,2012,persistent,Market,fuels
DC,22,NC,1636439.3,1,2205949.6,3,0.7418,250.0,7,8,15,7,8,15,6,7,14,0.0,2012,transient,Market,chemicals
DC,24,KS,254765526.6,3,349523414.8,138,0.7289,953.0,29,34,38,27,32,36,26,31,34,0.0,2012,transient,Market,chemicals
DC,25,MD,787725.6,1,787725.6,1,1.0,27.0,1,1,1,1,1,1,1,1,1,0.0,2012,transient,Market,wood and paper
DC,27,MA,67573031.9,16,89147903.4,45,0.758,320.0,9,11,20,9,10,19,8,8,16,0.0,2012,transient,Market,wood and paper
DC,28,MD,42561074.5,71,74536604.3,116,0.571,9.0,0,0,0,0,0,0,0,0,0,6.2222,2012,transient,Market,wood and paper
DC,37,TX,127095463.8,1,143240619.3,14,0.8873,1137.0,31,31,36,30,30,34,26,26,29,0.0,2012,transient,Market,machinery and vehicles
DC,39,MD,297148669.0,132,477551552.5,288,0.6222,22.0,1,1,1,1,1,1,1,1,1,0.0,2012,transient,Market,other manufactured
DC,41,DE,9185939.5,11,11282358.2,22,0.8142,89.0,2,3,4,2,3,4,2,3,4,0.0,2012,transient,Market,scrap and mixed
DC,43,MD,1131649947.2,294,2021438610.6,605,0.5598,19.0,1,1,1,1,1,1,1,1,1,0.0,2012,transient,Market,scrap and mixed
DE,02,MD,54574336.4,166,68485419.7,181,0.7969,33.0,0,0,1,0,0,0,0,0,0,0.6061,2012,persistent,Generalist,farm and food
DE,09,PA,46463805.1,10,89901331.5,22,0.5168,49.5,0,0,2,0,0,0,0,0,0,0.3535,2012,transient,Generalist,farm and food
DE,10,NJ,8329395.2,7,14444080.9,24,0.5767,55.0,1,1,1,0,0,0,0,0,0,0.0,2012,transient,Generalist,bulk minerals
DE,11,VA,9639089.9,6,11244098.1,19,0.8573,136.0,3,3,5,1,1,1,1,1,1,0.0,2012,transient,Generalist,bulk minerals
DE,12,PA,13090319.0,91,20365791.1,223,0.6428,55.0,2,2,2,1,1,1,0,0,0,0.0,2012,transient,Generalist,bulk minerals
DE,14,FL,10605416.4,10,10605416.4,10,1.0,776.0,10,11,13,9,10,12,7,8,10,0.0,2012,transient,Generalist,bulk minerals
DE,15,WV,4381528.8,1,7369655.0,7,0.5945,374.0,3,4,8,3,4,8,3,4,8,0.0,2012,transient,Generalist,bulk minerals
DE,25,WV,1002653.8,2,1874860.1,3,0.5348,168.0,3,3,6,3,3,6,3,3,6,0.0,2012,transient,Generalist,wood and paper
DE,28,PA,342505504.7,23,436691070.1,181,0.7843,58.0,1,1,2,0,0,1,0,0,1,0.0,2012,transient,Generalist,wood and paper
DE,30,MD,3399368530.6,60,4448747047.0,601,0.7641,43.5,0,0,1,0,0,1,0,0,0,0.8966,2012,transient,Generalist,other manufactured
FL,09,NC,373113058.2,21,483612240.9,173,0.7715,579.0,0,2,5,0,1,3,0,1,2,0.0846,2012,transient,Market,farm and food
FL,10,GA,115764029.1,4,122336910.4,18,0.9463,319.5,0,0,0,0,0,0,0,0,0,1.9922,2012,transient,Market,bulk minerals
FL,12,GA,125343952.2,111,161249891.5,181,0.7773,228.0,0,0,1,0,0,0,0,0,0,0.8728,2012,transient,Market,bulk minerals
FL,13,GA,387354671.8,46,487212223.5,146,0.795,316.0,0,0,0,0,0,0,0,0,0,1.1171,2012,transient,Market,bulk minerals
FL,14,NJ,155368218.7,3,212247081.8,27,0.732,993.0,4,5,9,2,3,7,0,0,4,0.0,2012,transient,Market,bulk minerals
FL,17,LA,9379833198.6,12,11415244341.2,101,0.8217,770.0,0,0,1,0,0,0,0,0,0,0.4273,2012,transient,Market,fuels
FL,18,GA,23964176.6,5,23964176.6,5,1.0,32.0,0,0,0,0,0,0,0,0,0,9.8125,2012,transient,Market,fuels
FL,19,GA,2052326975.8,119,3537911622.5,569,0.5801,186.0,0,0,0,0,0,0,0,0,0,1.3172,2012,transient,Market,fuels
FL,22,GA,436618175.2,58,838048483.0,303,0.521,256.0,1,1,1,1,1,1,1,1,1,0.0,2012,transient,Market,chemicals
FL,25,GA,62739138.2,37,87379297.0,87,0.718,140.0,0,0,0,0,0,0,0,0,0,3.2143,2012,transient,Market,wood and paper
FL,28,GA,1658983179.4,264,3297672707.4,1369,0.5031,302.5,1,1,2,0,0,1,0,0,0,0.0,2012,transient,Market,wood and paper
GA,03,LA,3064938350.8,11,5874427759.5,748,0.5217,577.0,3,3,8,0,0,2,0,0,0,0.0,2012,transient,Router,farm and food
GA,09,NC,598691133.7,22,1000723229.2,136,0.5983,316.0,1,2,4,1,1,3,0,0,1,0.0,2012,transient,Router,farm and food
GA,15,KY,559672093.6,26,801037228.8,75,0.6987,300.5,2,2,4,1,1,2,0,0,1,0.0,2012,transient,Router,bulk minerals
GA,21,NC,10971073552.2,102,21013155805.4,1467,0.5221,298.0,2,2,5,1,1,2,0,0,0,0.0,2012,transient,Router,chemicals
HI,03,CA,13446696.7,17,14703338.7,25,0.9145,2412.0,0,6,33,0,6,33,0,6,33,0.0655,2012,persistent,Market,farm and food
HI,04,CA,148560390.7,5,158716002.1,7,0.936,2515.0,0,6,38,0,3,31,0,3,21,0.0219,2012,transient,Market,farm and food
HI,05,CA,42338596.3,5,44318577.4,8,0.9553,2533.0,0,7,43,0,6,42,0,6,40,0.0146,2012,persistent,Market,farm and food
HI,06,CA,12130631.0,4,12420409.0,7,0.9767,2579.5,1,7,46,1,7,44,1,7,44,0.0,2012,persistent,Market,farm and food
HI,07,CA,330171867.4,38,358770609.6,66,0.9203,2464.0,0,6,37,0,6,35,0,5,32,0.043,2012,persistent,Market,farm and food
HI,08,CA,23043554.0,9,31390224.2,12,0.7341,2419.0,0,3,23,0,2,22,0,2,19,0.0682,2012,transient,Market,farm and food
HI,09,PA,3367332.0,1,4403401.2,4,0.7647,4903.0,30,34,34,29,33,33,26,30,30,0.0,2012,transient,Market,farm and food
HI,13,NV,104529.4,1,104529.4,1,1.0,2522.0,0,7,43,0,7,43,0,7,43,0.0075,2012,transient,Market,bulk minerals
HI,14,AK,54990.0,1,96174.0,2,0.5718,2815.0,3,10,27,3,10,27,3,10,27,0.0,2012,transient,Market,bulk minerals
HI,19,CA,384618695.4,7,384618695.4,7,1.0,2560.0,0,2,31,0,1,25,0,0,14,0.0094,2012,transient,Market,fuels
HI,22,OR,1283.2,1,1283.2,1,1.0,2565.0,1,7,47,1,7,47,1,7,47,0.0,2012,transient,Market,chemicals
HI,25,UT,185711.4,1,185711.4,1,1.0,2956.0,6,8,37,6,8,37,6,7,33,0.0,2012,transient,Market,wood and paper
HI,26,CA,12764902.4,3,22521394.5,20,0.5668,2567.0,1,7,48,1,7,47,1,7,47,0.0,2012,transient,Market,wood and paper
HI,32,WA,83288169.7,26,120845438.5,77,0.6892,2686.0,2,9,45,2,8,43,2,6,39,0.0,2012,transient,Market,metals and minerals
HI,37,CT,52809796.7,7,100429870.8,38,0.5258,5012.0,39,42,42,37,39,39,35,37,37,0.0,2012,transient,Market,machinery and vehicles
HI,40,CA,971177700.3,122,1409628179.9,567,0.689,2557.0,1,8,43,1,5,35,0,3,23,0.0,2012,transient,Market,other manufactured
HI,43,CA,915116063.5,102,1068275269.0,203,0.8566,2510.0,0,6,41,0,5,35,0,5,31,0.0239,2012,persistent,Market,scrap and mixed
IA,02,MN,3222473945.0,124,3696252621.5,297,0.8718,228.0,1,1,2,0,0,1,0,0,0,0.0,2012,transient,Generalist,farm and food
IA,10,IN,7137010.7,12,12845184.8,29,0.5556,292.0,4,4,7,3,3,5,2,2,3,0.0,2012,transient,Generalist,bulk minerals
IA,11,IL,14199811.6,65,19311020.6,81,0.7353,153.0,3,3,5,2,2,4,1,1,3,0.0,2012,transient,Generalist,bulk minerals
IA,12,TX,26107396.0,3,50806812.7,219,0.5139,921.0,14,17,19,9,12,13,3,4,4,0.0,2012,transient,Generalist,bulk minerals
IA,13,IL,181369644.7,12,303566684.3,162,0.5975,291.0,0,1,2,0,1,2,0,0,0,0.2045,2012,transient,Generalist,bulk minerals
IA,14,CO,211896383.0,91,385318062.6,115,0.5499,783.0,4,8,10,3,6,8,1,3,5,0.0,2012,transient,Generalist,bulk minerals
IA,15,WY,268442583.0,69,280835417.9,79,0.9559,757.0,5,9,9,4,8,8,2,4,4,0.0,2012,persistent,Generalist,bulk minerals
IA,18,IL,243928014.2,9,473489606.9,42,0.5152,90.0,0,0,0,0,0,0,0,0,0,1.8222,2012,transient,Generalist,fuels
IA,19,IL,2298250905.5,53,3629291922.8,263,0.6333,236.0,1,1,2,0,0,1,0,0,0,0.0,2012,transient,Generalist,fuels
IA,22,IL,1021558769.4,97,1969010260.4,365,0.5188,51.0,0,0,0,0,0,0,0,0,0,3.0392,2012,transient,Generalist,chemicals
IA,25,MN,14949290.3,13,21727305.2,45,0.688,165.0,2,2,2,1,1,1,0,0,0,0.0,2012,transient,Generalist,wood and paper
IA,31,MN,1266904931.3,160,2090687217.3,1175,0.606,225.0,2,2,4,0,0,1,0,0,0,0.0,2012,transient,Generalist,metals and minerals
IA,39,SD,1117360988.1,72,2048995970.5,731,0.5453,104.5,0,0,1,0,0,1,0,0,0,0.9761,2012,transient,Generalist,other manufactured
ID,02,NE,154312419.0,42,215764747.0,86,0.7152,887.0,6,9,21,5,8,18,4,7,14,0.0,2012,transient,Generalist,farm and food
ID,03,CA,102818617.8,21,201613668.7,141,0.51,512.0,4,5,11,3,4,10,2,2,7,0.0,2012,transient,Generalist,farm and food
ID,06,WA,369139018.5,38,558351048.1,140,0.6611,345.0,3,3,5,1,1,2,0,0,1,0.0,2012,transient,Generalist,farm and food
ID,08,CO,140054937.9,10,217466427.0,98,0.644,556.5,3,3,6,2,2,5,1,1,3,0.0,2012,transient,Generalist,farm and food
ID,09,FL,80664313.9,3,99158272.7,35,0.8135,2257.0,22,22,22,15,15,15,7,7,7,0.0,2012,transient,Generalist,farm and food
ID,11,IN,5335596.0,1,6656400.7,10,0.8016,1613.0,18,26,33,15,22,25,14,19,20,0.0,2012,transient,Generalist,bulk minerals
ID,12,WA,10724493.2,11,12719669.4,20,0.8431,275.0,1,1,1,0,0,0,0,0,0,0.0,2012,persistent,Generalist,bulk minerals
ID,14,IL,5642659.2,1,7141668.7,6,0.7901,1350.0,12,16,23,12,16,23,11,15,21,0.0,2012,transient,Generalist,bulk minerals
ID,15,WY,6046528.0,2,6175028.0,3,0.9792,204.5,0,0,2,0,0,1,0,0,1,0.3032,2012,transient,Generalist,bulk minerals
ID,23,CA,467820797.0,62,897536156.3,428,0.5212,666.5,5,6,12,3,3,9,1,1,5,0.0,2012,transient,Generalist,chemicals
ID,24,CA,911807378.0,75,1779838662.0,958,0.5123,663.0,6,6,15,4,4,11,0,0,5,0.0,2012,transient,Generalist,chemicals
ID,25,UT,576185.4,1,1002951.0,5,0.5745,312.0,0,2,4,0,2,4,0,2,4,0.0673,2012,transient,Generalist,wood and paper
ID,36,CA,1624126643.7,68,2586353200.7,630,0.628,622.0,4,4,12,3,3,6,1,1,4,0.0,2012,transient,Generalist,machinery and vehicles
ID,37,IL,201376593.6,1,326727029.3,101,0.6163,1424.0,14,23,37,13,21,35,10,16,26,0.0,2012,transient,Generalist,machinery and vehicles
ID,41,MT,14347041.0,40,27480474.5,79,0.5221,403.0,5,5,10,5,5,10,4,4,9,0.0,2012,transient,Generalist,scrap and mixed
IL,11,TN,28531723.7,18,52582253.7,143,0.5426,478.0,6,10,13,5,8,10,2,3,4,0.0,2012,transient,Engine,bulk minerals
IL,14,MN,270370055.2,23,360863137.8,62,0.7492,623.0,2,3,6,1,1,4,0,0,2,0.0,2012,transient,Engine,bulk minerals
IL,15,WY,667536271.0,61,891720104.9,111,0.7486,900.0,4,5,5,4,4,4,2,2,2,0.0,2012,transient,Engine,bulk minerals
IN,09,FL,264896075.0,12,457199248.4,171,0.5794,848.5,12,13,13,5,5,5,4,4,4,0.0,2012,transient,Sustainer,farm and food
IN,10,MN,19459312.8,10,24542467.9,33,0.7929,488.5,4,6,10,2,3,6,1,1,2,0.0,2012,transient,Sustainer,bulk minerals
IN,14,MN,567636456.4,12,806803516.4,154,0.7036,484.0,1,1,1,0,0,0,0,0,0,0.0,2012,persistent,Sustainer,bulk minerals
IN,17,IL,4512759717.1,51,5640641604.1,119,0.8,94.0,1,1,1,0,0,0,0,0,0,0.0,2012,persistent,Sustainer,fuels
IN,18,IL,1498868400.7,19,2142418220.8,78,0.6996,56.0,1,1,2,0,0,0,0,0,0,0.0,2012,transient,Sustainer,fuels
IN,19,IL,3529152923.6,176,5515195551.9,740,0.6399,111.0,0,0,0,0,0,0,0,0,0,3.0901,2012,transient,Sustainer,fuels
IN,25,VA,21628351.9,1,39812486.7,33,0.5433,359.0,5,6,11,4,5,9,3,3,4,0.0,2012,transient,Sustainer,wood and paper
KS,02,NE,756478750.4,133,1431017779.0,446,0.5286,159.0,3,3,4,1,1,2,0,0,0,0.0,2012,transient,Generalist,farm and food
KS,08,CA,282757201.2,23,537289676.2,162,0.5263,1427.0,21,22,22,15,15,15,10,10,10,0.0,2012,transient,Generalist,farm and food
KS,09,NE,290661290.9,26,395688391.0,89,0.7346,203.0,1,1,1,0,0,0,0,0,0,0.0,2012,transient,Generalist,farm and food
KS,10,CA,9366810.9,2,14247925.1,18,0.6574,1487.0,19,19,19,15,15,15,8,8,8,0.0,2012,transient,Generalist,bulk minerals
KS,12,MO,9990340.4,104,15770563.4,173,0.6335,20.0,0,0,0,0,0,0,0,0,0,6.7,2012,transient,Generalist,bulk minerals
KS,14,FL,3163181.2,4,3281742.4,6,0.9639,972.0,18,23,25,17,22,24,16,20,21,0.0,2012,transient,Generalist,bulk minerals
KS,15,WY,189345919.1,20,207991005.4,108,0.9104,641.0,4,5,9,4,5,9,1,1,4,0.0,2012,persistent,Generalist,bulk minerals
KS,17,TX,2692975790.7,16,3285133812.1,193,0.8197,128.0,0,1,1,0,0,0,0,0,0,0.0078,2012,transient,Generalist,fuels
KS,18,TX,674211242.1,9,715271152.2,13,0.9426,69.0,0,0,0,0,0,0,0,0,0,1.6957,2012,transient,Generalist,fuels
KS,19,OK,4189438937.9,60,5435628910.3,295,0.7707,312.0,0,0,3,0,0,3,0,0,1,0.359,2012,transient,Generalist,fuels
KS,41,AR,23430902.8,4,41588623.6,33,0.5634,269.0,4,4,13,4,4,13,4,4,13,0.0,2012,transient,Generalist,scrap and mixed
KY,02,IN,176341679.0,7,244302736.5,29,0.7218,232.0,2,3,7,1,2,5,1,2,4,0.0,2012,persistent,Sustainer,farm and food
KY,09,TN,341794739.9,10,490124902.2,238,0.6974,96.0,0,0,0,0,0,0,0,0,0,1.6562,2012,transient,Sustainer,farm and food
KY,10,OH,7892760.0,1,9741666.2,11,0.8102,25.0,0,0,0,0,0,0,0,0,0,3.4,2012,transient,Sustainer,bulk minerals
KY,14,OH,43734324.5,14,81605498.2,110,0.5359,88.0,0,1,3,0,1,3,0,1,2,0.2386,2012,transient,Sustainer,bulk minerals
KY,18,TN,304678202.4,19,589119742.8,67,0.5172,80.0,2,2,2,1,1,1,1,1,1,0.0,2012,transient,Sustainer,fuels
KY,19,IL,2388679865.8,88,3429644317.2,674,0.6965,141.5,0,0,1,0,0,0,0,0,0,0.9929,2012,transient,Sustainer,fuels
KY,22,IL,360900826.6,46,636097445.2,156,0.5674,95.0,3,3,3,1,1,1,0,0,0,0.0,2012,transient,Sustainer,chemicals
KY,25,TN,68558149.2,27,73670108.5,47,0.9306,45.0,0,0,1,0,0,1,0,0,0,0.6667,2012,transient,Sustainer,wood and paper
LA,08,TN,747354762.7,26,1436947284.2,197,0.5201,439.0,2,3,8,1,1,5,0,0,1,0.0,2012,transient,Sustainer,farm and food
LA,09,TN,568189851.7,11,890904011.2,140,0.6378,508.0,0,2,4,0,1,3,0,0,2,0.187,2012,transient,Sustainer,farm and food
LA,10,TX,8972932.7,9,14112659.8,15,0.6358,209.0,0,0,1,0,0,1,0,0,1,0.7656,2012,transient,Sustainer,bulk minerals
LA,13,GA,80913995.2,24,154841770.2,183,0.5226,394.0,2,3,7,1,1,3,0,0,2,0.0,2012,transient,Sustainer,bulk minerals
LA,14,AZ,129636103.2,9,204225569.7,62,0.6348,1248.0,11,11,13,7,7,9,4,4,6,0.0,2012,transient,Sustainer,bulk minerals
LA,15,KY,365592224.9,39,550981417.5,113,0.6635,553.0,1,2,7,0,1,4,0,1,2,0.0,2012,transient,Sustainer,bulk minerals
LA,25,AR,10253761.4,8,17326075.2,49,0.5918,197.0,2,2,4,2,2,2,1,1,1,0.0,2012,transient,Sustainer,wood and paper
LA,31,MS,1278090396.2,178,2046125350.0,1007,0.6246,141.5,0,0,2,0,0,1,0,0,0,0.4452,2012,transient,Sustainer,metals and minerals
MA,02,ND,130591421.8,5,191415205.2,11,0.6822,1485.0,19,21,25,15,17,21,12,13,15,0.0,2012,transient,Router,farm and food
MA,09,NC,472822948.7,19,580864556.3,68,0.814,617.0,1,1,5,1,1,4,0,0,2,0.0,2012,transient,Router,farm and food
MA,10,MN,17496160.7,5,32181575.3,75,0.5437,1109.0,8,9,13,6,6,9,3,3,3,0.0,2012,transient,Router,bulk minerals
MA,15,PA,3799235.9,3,3799235.9,3,1.0,268.0,0,0,3,0,0,3,0,0,3,0.3433,2012,transient,Router,bulk minerals
MA,17,RI,6367717881.5,104,11708028274.8,150,0.5439,40.0,0,0,0,0,0,0,0,0,0,18.7,2012,transient,Router,fuels
MA,19,CT,3446363334.2,72,5479077285.0,383,0.629,71.5,0,0,0,0,0,0,0,0,0,1.7133,2012,transient,Router,fuels
MA,37,CA,1981341776.0,20,2850337128.7,433,0.6951,2601.5,14,14,14,9,9,9,1,1,1,0.0,2012,transient,Router,machinery and vehicles
MD,12,PA,107569389.6,227,146819934.2,304,0.7327,35.0,0,0,0,0,0,0,0,0,0,7.2571,2012,persistent,Router,bulk minerals
MD,14,DE,1419291.0,2,1849740.7,7,0.7673,55.0,0,0,2,0,0,2,0,0,2,0.6909,2012,transient,Router,bulk minerals
MD,17,VA,2219792593.9,77,2564469411.6,122,0.8656,21.0,0,0,0,0,0,0,0,0,0,2.0,2012,transient,Router,fuels
MD,18,VA,391940190.8,29,528338385.1,150,0.7418,35.0,1,1,1,1,1,1,0,0,0,0.0,2012,transient,Router,fuels
MD,28,PA,607001683.8,143,1185288665.6,679,0.5121,90.0,0,0,2,0,0,1,0,0,0,0.2889,2012,transient,Router,wood and paper
ME,02,OH,18114115.4,1,19214283.8,2,0.9427,716.0,6,8,23,6,7,21,4,5,18,0.0,2012,transient,Market,farm and food
ME,10,IN,7815631.2,3,12193261.6,24,0.641,1077.0,9,13,18,6,9,13,4,6,8,0.0,2012,transient,Market,bulk minerals
ME,11,VA,2821111.2,1,4537539.7,14,0.6217,544.0,8,9,17,7,8,16,2,3,11,0.0,2012,transient,Market,bulk minerals
ME,12,VT,20473570.3,9,23510419.9,26,0.8708,137.0,1,1,1,1,1,1,1,1,1,0.0,2012,transient,Market,bulk minerals
ME,14,OH,28359353.8,4,33319374.8,11,0.8511,733.0,4,4,12,2,2,9,2,2,7,0.0,2012,transient,Market,bulk minerals
ME,17,TX,66428704.8,1,66428704.8,1,1.0,1689.0,33,37,42,33,36,41,28,31,34,0.0,2012,transient,Market,fuels
ME,18,NH,325495588.7,66,338579549.9,73,0.9614,8.0,0,0,0,0,0,0,0,0,0,20.0,2012,persistent,Market,fuels
ME,19,CT,1646369724.5,25,2205715767.6,124,0.7464,257.0,1,1,2,0,0,1,0,0,0,0.0,2012,transient,Market,fuels
ME,21,MA,803992439.1,44,1577650258.7,210,0.5096,121.5,0,0,3,0,0,3,0,0,0,0.3086,2012,transient,Market,chemicals
ME,22,TN,23434942.3,17,43992399.8,46,0.5327,1198.0,18,27,36,16,24,33,12,20,27,0.0,2012,transient,Market,chemicals
ME,25,PA,4719108.6,1,5664314.3,7,0.8331,706.0,6,8,20,5,6,17,4,4,13,0.0,2012,transient,Market,wood and paper
ME,41,NY,16849355.1,6,20718995.7,16,0.8132,204.0,4,5,6,3,4,5,3,4,5,0.0,2012,transient,Market,scrap and mixed
MI,02,IN,76986572.9,32,118118700.6,58,0.6518,82.0,0,0,1,0,0,1,0,0,1,0.2561,2012,transient,Sustainer,farm and food
MI,10,IN,31409421.7,47,40442388.6,64,0.7766,96.0,0,0,0,0,0,0,0,0,0,1.3646,2012,transient,Sustainer,bulk minerals
MI,11,IL,32358628.3,27,56470527.0,68,0.573,240.0,2,2,6,2,2,5,1,1,3,0.0,2012,transient,Sustainer,bulk minerals
MI,14,MN,199741743.9,4,358799444.1,38,0.5567,589.0,5,5,6,3,3,4,0,0,1,0.0,2012,persistent,Sustainer,bulk minerals
MI,17,OH,2320057864.0,91,3490720311.1,194,0.6646,82.0,0,0,1,0,0,1,0,0,1,0.4451,2012,transient,Sustainer,fuels
MI,18,OH,542833810.0,2,770347742.9,32,0.7047,85.5,0,0,1,0,0,0,0,0,0,0.5205,2012,transient,Sustainer,fuels
MI,19,IL,3991234578.0,80,6065313506.8,663,0.658,233.0,0,0,0,0,0,0,0,0,0,1.3691,2012,transient,Sustainer,fuels
MI,25,PA,30797334.4,4,41396541.5,17,0.744,303.5,2,4,7,1,2,3,0,0,0,0.0,2012,transient,Sustainer,wood and paper
MN,02,ND,1226491222.0,69,1814984234.4,270,0.6758,440.0,4,7,9,2,4,4,0,1,1,0.0,2012,transient,Router,farm and food
MN,09,NC,157766915.3,8,282647478.9,83,0.5582,931.5,9,13,15,7,10,11,2,3,4,0.0,2012,transient,Router,farm and food
MN,11,WI,64384616.0,48,87941258.0,83,0.7321,316.0,2,2,4,1,1,1,1,1,1,0.0,2012,persistent,Router,bulk minerals
MN,12,WI,94658304.6,87,143910470.8,229,0.6578,60.0,0,0,0,0,0,0,0,0,0,5.9167,2012,persistent,Router,bulk minerals
MN,14,IL,60499863.4,5,107341291.7,19,0.5636,338.0,0,0,4,0,0,4,0,0,1,0.355,2012,transient,Router,bulk minerals
MN,15,MT,184515115.0,54,342202646.9,69,0.5392,642.0,4,6,9,4,6,9,2,3,5,0.0,2012,transient,Router,bulk minerals
MN,17,WI,468534123.7,30,716367199.4,129,0.654,55.5,0,0,2,0,0,2,0,0,1,0.4775,2012,transient,Router,fuels
MN,18,WI,567443059.3,30,705903517.1,86,0.8039,31.0,0,0,0,0,0,0,0,0,0,10.2258,2012,transient,Router,fuels
MN,19,IL,3095307794.7,35,4019772504.3,252,0.77,434.0,0,0,4,0,0,2,0,0,2,0.265,2012,transient,Router,fuels
MN,25,PA,10255579.0,2,16504705.9,14,0.6214,905.0,10,19,24,8,13,15,5,7,8,0.0,2012,transient,Router,wood and paper
MN,39,SD,11241551700.5,59,12863608381.8,973,0.8739,182.0,0,0,0,0,0,0,0,0,0,,2012,transient,Router,other manufactured
MO,10,WI,27270866.4,1,45626120.4,49,0.5977,313.0,3,3,5,2,2,4,0,0,2,0.0,2012,transient,Generalist,bulk minerals
MO,12,KS,25104772.5,61,45542885.9,149,0.5512,86.0,2,3,3,1,1,1,0,0,0,0.0,2012,transient,Generalist,bulk minerals
MO,14,NM,131674488.3,14,207358908.6,51,0.635,1020.0,8,11,12,5,8,9,3,5,6,0.0,2012,transient,Generalist,bulk minerals
MO,15,WY,538491355.3,63,640231473.4,89,0.8411,738.0,4,7,8,2,4,4,2,2,2,0.0,2012,transient,Generalist,bulk minerals
MO,18,KS,927308422.8,14,1509069955.5,30,0.6145,62.0,0,1,1,0,0,0,0,0,0,0.1774,2012,transient,Generalist,fuels
MO,20,TX,4549943127.5,40,7075087771.4,1121,0.6431,649.0,5,6,10,2,2,3,1,1,1,0.0,2012,transient,Generalist,chemicals
MO,25,AR,36329964.0,35,55826402.4,55,0.6508,276.0,2,2,5,0,0,2,0,0,0,0.0,2012,transient,Generalist,wood and paper
MS,02,IL,349049144.3,5,692244405.9,147,0.5042,499.0,3,5,13,2,4,12,1,3,7,0.0,2012,transient,Sustainer,farm and food
MS,09,TN,406999034.5,12,587523358.0,71,0.6927,186.5,0,0,0,0,0,0,0,0,0,1.504,2012,transient,Sustainer,farm and food
MS,10,LA,9778743.3,20,11633466.2,27,0.8406,72.0,0,0,1,0,0,1,0,0,0,0.7222,2012,transient,Sustainer,bulk minerals
MS,14,NM,48684471.7,6,83843034.7,19,0.5807,1152.0,13,16,19,10,13,16,7,8,10,0.0,2012,transient,Sustainer,bulk minerals
MS,15,CO,41456720.9,6,51550821.0,10,0.8042,1236.0,11,11,12,9,9,10,8,8,9,0.0,2012,transient,Sustainer,bulk minerals
MS,17,LA,8722962778.4,47,11072901173.8,91,0.7878,129.0,0,0,0,0,0,0,0,0,0,3.031,2012,persistent,Sustainer,fuels
MS,18,LA,4968290900.0,42,5575777902.0,58,0.891,110.5,0,0,0,0,0,0,0,0,0,2.8643,2012,persistent,Sustainer,fuels
MS,25,AL,5183331.1,20,8066079.5,25,0.6426,115.0,1,2,2,1,2,2,1,2,2,0.0,2012,transient,Sustainer,wood and paper
MS,37,CA,935345074.4,69,1259779962.0,284,0.7425,1709.0,25,26,26,14,15,15,6,7,7,0.0,2012,transient,Sustainer,machinery and vehicles
MT,02,ND,2723660.0,13,2946920.9,18,0.9242,232.0,0,0,4,0,0,4,0,0,4,0.2802,2012,transient,Sustainer,farm and food
MT,10,ID,1332711.6,1,2127837.8,8,0.6263,457.0,0,2,4,0,1,3,0,1,3,0.1313,2012,transient,Sustainer,bulk minerals
MT,11,NE,38155894.2,27,49891468.2,46,0.7648,626.0,1,1,8,1,1,3,0,0,2,0.0,2012,transient,Sustainer,bulk minerals
MT,12,UT,113444.0,1,113444.0,1,1.0,342.0,2,3,6,2,3,6,2,3,6,0.0,2012,transient,Sustainer,bulk minerals
MT,13,WY,36066786.0,74,66540754.4,157,0.542,331.0,0,0,4,0,0,3,0,0,1,0.4048,2012,transient,Sustainer,bulk minerals
MT,14,NV,2924898117.5,70,2952955849.1,84,0.9905,595.0,0,0,0,0,0,0,0,0,0,,2012,transient,Sustainer,bulk minerals
MT,15,PA,2843178.1,1,2862887.5,2,0.9931,1872.0,13,15,15,12,14,14,11,13,13,0.0,2012,transient,Sustainer,bulk minerals
MT,18,ND,163362589.3,65,247114039.9,90,0.6611,89.0,1,1,1,0,0,0,0,0,0,0.0,2012,transient,Sustainer,fuels
MT,19,CO,274375520.8,5,461593648.5,63,0.5944,451.0,2,3,4,1,1,2,0,0,0,0.0,2012,transient,Sustainer,fuels
MT,22,FL,693841093.1,20,945072336.6,109,0.7342,1868.0,10,10,10,4,4,4,1,1,1,0.0,2012,transient,Sustainer,chemicals
MT,25,IL,23618759.4,2,38534433.0,10,0.6129,1085.5,4,5,16,2,3,9,1,2,5,0.0,2012,transient,Sustainer,wood and paper
MT,37,LA,207180366.6,12,335062883.7,178,0.6183,1292.0,15,23,37,13,21,34,10,17,25,0.0,2012,transient,Sustainer,machinery and vehicles
MT,38,CA,4944051537.5,69,6623510004.1,614,0.7464,933.0,2,4,12,0,1,3,0,0,0,0.0,2012,transient,Sustainer,machinery and vehicles
MT,43,WA,2723674848.2,205,4963109238.2,763,0.5488,280.0,0,0,3,0,0,3,0,0,0,0.4607,2012,transient,Sustainer,scrap and mixed
NC,15,WV,1651123728.6,59,2216756078.8,224,0.7448,185.0,0,0,2,0,0,1,0,0,0,0.6,2012,transient,Generalist,bulk minerals
NC,18,VA,173942450.9,51,257710716.7,154,0.675,87.0,1,1,1,1,1,1,1,1,1,0.0,2012,transient,Generalist,fuels
NC,22,IL,467662170.2,14,689834863.9,177,0.6779,631.5,3,5,10,2,2,7,1,1,3,0.0,2012,transient,Generalist,chemicals
NC,25,VA,5230093.3,21,9582590.4,55,0.5458,69.0,0,1,1,0,0,0,0,0,0,0.087,2012,transient,Generalist,wood and paper
ND,02,MN,719991848.0,163,935271932.4,200,0.7698,27.0,0,0,0,0,0,0,0,0,0,4.5,2012,persistent,Specialist,farm and food
ND,04,MN,278915776.2,34,357060320.2,87,0.7811,366.0,3,3,9,3,3,9,2,2,6,0.0,2012,transient,Specialist,farm and food
ND,06,MN,59062246.6,59,116803725.1,92,0.5057,294.0,0,2,8,0,2,8,0,2,8,0.034,2012,transient,Specialist,farm and food
ND,09,IL,123532593.3,4,160156003.4,17,0.7713,752.0,5,7,17,3,3,12,0,0,4,0.0,2012,transient,Specialist,farm and food
ND,10,ID,755664.0,1,1218226.1,4,0.6203,898.0,10,13,28,9,12,26,9,12,25,0.0,2012,transient,Specialist,bulk minerals
ND,12,MT,13595448.8,27,14348675.6,37,0.9475,93.0,1,1,1,0,0,0,0,0,0,0.0,2012,transient,Specialist,bulk minerals
ND,14,IL,6967179.6,1,7134196.7,3,0.9766,868.0,8,13,23,8,12,21,8,12,20,0.0,2012,transient,Specialist,bulk minerals
ND,15,WY,9796247.6,2,12241489.1,7,0.8002,313.5,0,0,2,0,0,2,0,0,2,0.6619,2012,transient,Specialist,bulk minerals
ND,17,MN,27251355.1,6,34782136.0,15,0.7835,93.0,0,1,1,0,1,1,0,1,1,0.1828,2012,transient,Specialist,fuels
ND,18,MT,315432247.3,17,447479507.9,33,0.7049,306.0,0,0,1,0,0,1,0,0,0,0.6928,2012,transient,Specialist,fuels
ND,21,MN,1136563793.5,147,1960493483.5,288,0.5797,195.0,0,0,0,0,0,0,0,0,0,1.0051,2012,transient,Specialist,chemicals
ND,22,MN,337885811.6,86,468475867.8,143,0.7212,60.0,0,0,0,0,0,0,0,0,0,5.7,2012,transient,Specialist,chemicals
ND,25,MN,11296377.0,6,19425418.9,26,0.5815,395.5,1,1,4,1,1,2,0,0,0,0.0,2012,transient,Specialist,wood and paper
ND,30,WI,854871141.3,27,1477205788.8,602,0.5787,562.0,2,5,15,2,3,13,2,3,10,0.0,2012,transient,Specialist,other manufactured
ND,31,MN,715288358.1,192,1210859025.6,655,0.5907,213.5,0,0,1,0,0,1,0,0,0,0.2787,2012,transient,Specialist,metals and minerals
ND,41,MN,2560285.0,4,4014402.4,6,0.6378,331.0,2,2,8,2,2,8,2,2,8,0.0,2012,transient,Specialist,scrap and mixed
NE,09,MO,57350896.2,12,89864775.3,44,0.6382,129.0,0,0,1,0,0,1,0,0,0,0.6279,2012,transient,Generalist,farm and food
NE,10,MN,4722568.2,2,9313656.9,19,0.5071,344.0,3,5,10,1,3,6,1,3,6,0.0,2012,transient,Generalist,bulk minerals
NE,11,MN,449239.0,3,743761.7,6,0.604,285.0,4,5,10,4,5,10,4,5,10,0.0,2012,transient,Generalist,bulk minerals
NE,13,KS,22546434.6,48,44086518.2,102,0.5114,210.5,0,1,4,0,1,3,0,0,1,0.2162,2012,transient,Generalist,bulk minerals
NE,15,WY,191275022.2,51,198672091.8,54,0.9628,445.0,2,2,6,2,2,6,0,0,1,0.0,2012,persistent,Generalist,bulk minerals
NE,18,KS,467305562.4,9,645799305.0,31,0.7236,15.0,0,0,0,0,0,0,0,0,0,23.9333,2012,transient,Generalist,fuels
NE,25,LA,16268987.0,4,32019746.2,58,0.5081,718.0,8,11,21,6,7,14,2,2,5,0.0,2012,transient,Generalist,wood and paper
NE,37,AZ,1634822482.3,7,2653780682.9,316,0.616,978.0,11,14,17,5,7,10,1,1,4,0.0,2012,transient,Generalist,machinery and vehicles
NE,43,KS,3448048884.8,198,6681499850.8,1035,0.5161,195.0,1,2,5,1,2,4,0,0,0,0.0,2012,transient,Generalist,scrap and mixed
NH,06,NY,536700601.5,30,753889936.0,236,0.7119,243.0,3,3,5,1,1,2,1,1,2,0.0,2012,transient,Market,farm and food
NH,09,MA,290921882.5,25,313959806.7,44,0.9266,11.0,0,0,0,0,0,0,0,0,0,25.4545,2012,transient,Market,farm and food
NH,11,VA,13144941.5,7,15519341.8,19,0.847,482.0,2,3,12,1,1,8,1,1,6,0.0,2012,transient,Market,bulk minerals
NH,12,MA,2489492.5,13,3768829.1,26,0.6605,24.0,0,0,1,0,0,1,0,0,1,0.375,2012,transient,Market,bulk minerals
NH,14,TN,11671660.8,1,17883026.8,7,0.6527,842.0,8,10,14,7,9,13,5,6,10,0.0,2012,transient,Market,bulk minerals
NH,15,WV,11199066.0,1,13146458.8,2,0.8519,514.0,3,4,8,3,4,8,3,4,7,0.0,2012,transient,Market,bulk minerals
NH,17,MA,3429324388.7,25,4127956474.6,87,0.8308,48.0,0,0,1,0,0,0,0,0,0,0.8333,2012,persistent,Market,fuels
NH,18,MA,856064535.6,92,1203598765.6,107,0.7113,9.0,0,0,0,0,0,0,0,0,0,10.6667,2012,persistent,Market,fuels
NH,19,CT,1775420274.1,24,2081523882.8,193,0.8529,128.0,0,0,0,0,0,0,0,0,0,1.2812,2012,transient,Market,fuels
NH,20,OH,773876134.5,9,1127661611.9,294,0.6863,562.0,8,10,22,8,10,18,5,5,9,0.0,2012,transient,Market,chemicals
NH,21,MA,1296529630.1,53,2236347347.7,243,0.5798,60.0,0,0,1,0,0,0,0,0,0,0.5333,2012,persistent,Market,chemicals
NH,22,OH,20962256.5,7,35071284.2,48,0.5977,619.0,6,9,22,5,8,20,3,5,16,0.0,2012,transient,Market,chemicals
NH,35,PA,3061079424.5,88,6008604252.2,1515,0.5094,283.0,4,4,6,4,4,6,3,3,3,0.0,2012,transient,Market,machinery and vehicles
NH,41,ME,74561358.5,82,111177054.9,107,0.6707,73.0,1,2,3,1,2,3,0,1,2,0.0,2012,transient,Market,scrap and mixed
NJ,03,NY,1375629169.0,186,2692935838.1,630,0.5108,24.0,0,0,0,0,0,0,0,0,0,2.0,2012,persistent,Generalist,farm and food
NJ,09,NC,875357247.1,27,990464780.0,93,0.8838,358.0,1,1,2,0,0,1,0,0,0,0.0,2012,transient,Generalist,farm and food
NJ,10,NY,31130804.8,33,49960026.5,61,0.6231,163.0,0,0,1,0,0,0,0,0,0,0.4847,2012,transient,Generalist,bulk minerals
NJ,11,TN,43354007.2,16,63117134.2,55,0.6869,665.0,2,6,12,2,6,8,1,3,3,0.0,2012,transient,Generalist,bulk minerals
NJ,12,PA,35461401.4,230,70864583.7,293,0.5004,79.0,0,0,1,0,0,1,0,0,0,0.7975,2012,transient,Generalist,bulk minerals
NJ,14,MT,337985512.6,14,373418216.4,24,0.9051,1761.0,5,7,8,3,5,6,1,1,2,0.0,2012,transient,Generalist,bulk minerals
NJ,15,WY,32135418.0,8,32458172.9,10,0.9901,1593.0,11,13,13,9,11,11,8,10,10,0.0,2012,transient,Generalist,bulk minerals
NJ,17,PA,2040123935.1,22,3929516557.3,185,0.5192,78.0,1,1,2,0,0,1,0,0,0,0.0,2012,transient,Generalist,fuels
NJ,22,PA,106743104.6,17,194581647.0,115,0.5486,96.0,1,1,1,0,0,0,0,0,0,0.0,2012,transient,Generalist,chemicals
NJ,25,WV,1636500.0,1,1749438.2,3,0.9354,207.0,3,5,7,3,5,7,3,4,6,0.0,2012,transient,Generalist,wood and paper
NM,02,TX,119002858.1,13,144471324.0,29,0.8237,15.0,0,0,0,0,0,0,0,0,0,19.0667,2012,transient,Specialist,farm and food
NM,06,TX,224651306.8,93,391154508.5,201,0.5743,32.0,0,0,0,0,0,0,0,0,0,2.9688,2012,transient,Specialist,farm and food
NM,09,MI,26611661.7,1,53120593.0,35,0.501,1362.0,17,25,28,14,21,23,12,17,18,0.0,2012,transient,Specialist,farm and food
NM,10,AZ,2066242.0,11,3090940.5,16,0.6685,339.0,1,1,3,1,1,3,1,1,3,0.0,2012,transient,Specialist,bulk minerals
NM,11,WI,20069871.0,3,27934569.2,29,0.7185,1030.0,9,15,19,7,11,14,2,6,8,0.0,2012,transient,Specialist,bulk minerals
NM,12,TX,1934594.1,2,2043095.7,4,0.9469,161.0,0,0,0,0,0,0,0,0,0,1.0311,2012,transient,Specialist,bulk minerals
NM,14,CA,244020.0,1,353716.4,3,0.6899,643.0,5,8,18,5,8,18,5,8,18,0.0,2012,transient,Specialist,bulk minerals
NM,15,CO,49827512.2,84,49827512.2,84,1.0,120.0,0,0,0,0,0,0,0,0,0,3.4875,2012,persistent,Specialist,bulk minerals
NM,18,TX,2118468667.5,38,2192963196.9,47,0.966,163.0,0,0,0,0,0,0,0,0,0,3.0123,2012,persistent,Specialist,fuels
NM,19,TX,1540258463.3,44,2194883802.5,118,0.7017,127.0,0,0,0,0,0,0,0,0,0,1.6772,2012,transient,Specialist,fuels
NM,21,AZ,1287173435.9,112,2545236644.6,395,0.5057,338.0,1,1,4,1,1,3,0,0,1,0.0,2012,persistent,Specialist,chemicals
NM,23,TX,883590580.7,131,1384696974.2,430,0.6381,156.0,0,0,0,0,0,0,0,0,0,1.1282,2012,transient,Specialist,chemicals
NM,25,LA,4209442.7,4,5661500.0,6,0.7435,628.0,2,6,17,2,6,16,0,1,10,0.0,2012,transient,Specialist,wood and paper
NM,41,TX,11148525.7,77,15924323.8,98,0.7001,263.0,0,2,3,0,2,3,0,2,3,0.1635,2012,transient,Specialist,scrap and mixed
NV,02,MN,3932543.9,9,7626831.7,14,0.5156,1405.0,18,26,39,18,25,38,17,24,35,0.0,2012,transient,Specialist,farm and food
NV,07,CA,1829810198.2,235,2743309344.7,684,0.667,230.0,0,1,4,0,1,3,0,0,0,0.1174,2012,transient,Specialist,farm and food
NV,10,MN,5516018.8,2,7066353.6,14,0.7806,1261.5,9,12,24,7,8,18,6,7,13,0.0,2012,transient,Specialist,bulk minerals
NV,11,TN,2165403.8,1,2758226.4,7,0.7851,2006.0,23,35,35,21,33,33,17,24,24,0.0,2012,transient,Specialist,bulk minerals
NV,12,AZ,8737985.4,11,16492030.2,26,0.5298,345.0,1,1,2,0,0,1,0,0,1,0.0,2012,transient,Specialist,bulk minerals
NV,13,CA,56941462.5,11,93025064.5,137,0.6121,312.0,1,1,4,1,1,1,1,1,1,0.0,2012,transient,Specialist,bulk minerals
NV,14,PA,6344979.0,1,7349140.1,5,0.8634,2038.0,20,23,23,18,21,21,16,19,19,0.0,2012,transient,Specialist,bulk minerals
NV,15,WY,26160875.7,4,30559631.0,37,0.8561,444.0,0,0,2,0,0,2,0,0,2,0.375,2012,transient,Specialist,bulk minerals
NV,19,CA,909194478.4,114,1261837687.9,247,0.7205,233.5,0,0,0,0,0,0,0,0,0,1.6146,2012,transient,Specialist,fuels
NV,21,CA,3975396158.1,149,5795925246.9,455,0.6859,224.0,0,1,1,0,1,1,0,0,0,0.1295,2012,persistent,Specialist,chemicals
NV,22,CA,52578884.2,43,90855551.7,79,0.5787,207.0,0,2,3,0,1,2,0,1,2,0.1981,2012,persistent,Specialist,chemicals
NV,25,WA,9670754.5,2,14045174.5,8,0.6885,604.0,2,2,5,1,1,2,0,0,0,0.0,2012,transient,Specialist,wood and paper
NV,29,PA,731841272.6,37,1449919173.1,959,0.5047,2156.0,24,31,31,17,23,23,8,10,10,0.0,2012,transient,Specialist,wood and paper
NV,37,CA,181568765.4,17,235551384.2,81,0.7708,231.0,1,1,3,1,1,3,1,1,2,0.0,2012,transient,Specialist,machinery and vehicles
NV,41,UT,39927594.5,11,73190514.6,22,0.5455,160.0,0,0,2,0,0,2,0,0,2,0.3875,2012,transient,Specialist,scrap and mixed
NV,43,CA,4061226803.2,475,7029351816.7,1102,0.5778,202.0,0,1,2,0,0,0,0,0,0,0.1658,2012,transient,Specialist,scrap and mixed
NY,15,WV,190638391.3,14,204868513.4,26,0.9305,350.0,2,3,4,2,3,4,2,2,3,0.0,2012,transient,Engine,bulk minerals
NY,18,PA,404228193.9,28,551840313.3,183,0.7325,123.5,1,2,5,0,0,1,0,0,0,0.0,2012,transient,Engine,fuels
NY,22,IL,218881267.2,3,382984732.3,158,0.5715,553.0,3,5,12,2,4,8,0,0,1,0.0,2012,transient,Engine,chemicals
OH,14,MN,391964127.6,10,667942842.5,185,0.5868,619.0,3,3,4,0,0,1,0,0,0,0.0,2012,transient,Engine,bulk minerals
OH,22,IL,2373520326.5,42,3138099987.0,260,0.7564,259.0,0,0,0,0,0,0,0,0,0,1.9981,2012,transient,Engine,chemicals
OK,15,WY,258045319.9,48,268631792.2,49,0.9606,778.0,5,7,9,5,6,8,2,3,4,0.0,2012,persistent,Sustainer,bulk minerals
OK,17,KS,2222432081.9,124,3199751346.7,155,0.6946,55.0,1,1,1,1,1,1,0,0,0,0.0,2012,transient,Sustainer,fuels
OK,18,TX,3241841656.8,30,4182964315.4,78,0.775,34.0,0,0,0,0,0,0,0,0,0,12.0294,2012,transient,Sustainer,fuels
OK,21,TX,2188515597.2,168,4363734741.1,596,0.5015,226.5,1,2,5,0,1,2,0,1,2,0.0,2012,transient,Sustainer,chemicals
OK,24,TX,3245302370.5,361,6313330793.6,1684,0.514,333.0,3,3,11,1,1,7,0,0,2,0.0,2012,transient,Sustainer,chemicals
OK,33,TX,3874530703.3,601,6369873220.3,2020,0.6083,322.0,1,1,5,0,0,2,0,0,0,0.0,2012,transient,Sustainer,metals and minerals
OK,41,TX,148104347.6,73,280534990.5,194,0.5279,175.0,0,1,3,0,1,3,0,1,1,0.0057,2012,transient,Sustainer,scrap and mixed
OK,43,TX,7949421716.4,492,12839295958.1,1480,0.6191,204.0,0,2,2,0,0,0,0,0,0,0.0074,2012,transient,Sustainer,scrap and mixed
OR,02,WA,1275375928.3,47,1443414335.8,90,0.8836,236.0,0,0,0,0,0,0,0,0,0,1.3517,2012,transient,Generalist,farm and food
OR,08,CA,489067737.8,86,949033947.1,259,0.5153,508.0,0,0,1,0,0,1,0,0,1,0.8996,2012,persistent,Generalist,farm and food
OR,11,IL,33682301.1,6,41947555.7,50,0.803,1782.0,9,13,16,4,8,10,1,2,3,0.0,2012,transient,Generalist,bulk minerals
OR,12,WA,47471343.2,141,53161459.6,143,0.893,39.0,0,0,0,0,0,0,0,0,0,37.6667,2012,transient,Generalist,bulk minerals
OR,14,UT,86165778.9,24,120869943.1,111,0.7129,607.0,2,2,7,2,2,5,2,2,5,0.0,2012,transient,Generalist,bulk minerals
OR,15,UT,3793623.5,18,4486237.9,21,0.8456,480.0,0,1,3,0,1,2,0,1,2,0.1687,2012,transient,Generalist,bulk minerals
OR,18,WA,155754505.6,87,271587268.2,99,0.5735,21.0,0,0,0,0,0,0,0,0,0,1.381,2012,persistent,Generalist,fuels
OR,21,WA,2653680158.8,283,4153537163.5,695,0.6389,127.0,0,0,0,0,0,0,0,0,0,4.563,2012,transient,Generalist,chemicals
OR,25,WA,93580248.4,15,128513772.0,50,0.7282,286.0,0,0,0,0,0,0,0,0,0,5.1259,2012,transient,Generalist,wood and paper
OR,27,WA,483657493.0,143,884330531.8,420,0.5469,116.0,0,0,0,0,0,0,0,0,0,6.1897,2012,transient,Generalist,wood and paper
OR,37,WA,4420551507.8,93,4783231531.7,320,0.9242,141.0,0,0,0,0,0,0,0,0,0,4.9574,2012,transient,Generalist,machinery and vehicles
OR,43,WA,5375464738.7,705,9681390321.5,1589,0.5552,136.0,0,0,0,0,0,0,0,0,0,2.9412,2012,persistent,Generalist,scrap and mixed
PA,15,WV,1331972482.7,73,1574512043.4,132,0.846,85.0,0,0,0,0,0,0,0,0,0,2.0471,2012,persistent,Engine,bulk minerals
PA,18,OH,1026952934.1,30,1767092186.2,222,0.5812,27.0,0,0,0,0,0,0,0,0,0,4.7407,2012,transient,Engine,fuels
PA,25,WV,34251601.3,25,63320329.8,64,0.5409,88.0,1,1,1,0,0,0,0,0,0,0.0,2012,transient,Engine,wood and paper
RI,04,MO,133923923.3,2,217707288.3,40,0.6152,1111.0,20,28,34,18,25,30,9,14,19,0.0,2012,transient,Generalist,farm and food
RI,13,GA,3864455.0,7,6837332.9,19,0.5652,913.0,18,22,32,16,19,28,14,16,23,0.0,2012,transient,Generalist,bulk minerals
RI,14,MI,44558.8,1,44558.8,1,1.0,603.0,6,6,15,6,6,15,6,6,15,0.0,2012,transient,Generalist,bulk minerals
RI,17,CT,350777768.0,2,404149969.7,6,0.8679,51.5,0,0,1,0,0,1,0,0,1,0.301,2012,transient,Generalist,fuels
RI,18,CT,521715505.1,12,553670807.9,15,0.9423,15.0,0,0,0,0,0,0,0,0,0,1.5333,2012,transient,Generalist,fuels
RI,22,PA,3097124.7,4,5520112.7,23,0.5611,280.0,7,8,11,6,7,10,5,6,8,0.0,2012,transient,Generalist,chemicals
RI,25,VT,1412178.4,1,1412178.4,1,1.0,136.0,1,2,4,1,2,4,0,1,3,0.0,2012,transient,Generalist,wood and paper
RI,28,MA,136272690.8,76,248879781.2,217,0.5475,48.5,1,1,1,1,1,1,1,1,1,0.0,2012,transient,Generalist,wood and paper
RI,37,FL,45225133.7,7,88771234.0,65,0.5095,1147.0,24,30,37,24,30,35,24,29,34,0.0,2012,transient,Generalist,machinery and vehicles
SC,02,MI,224946624.0,1,401909425.5,28,0.5597,595.0,3,7,15,2,4,11,2,4,10,0.0,2012,transient,Generalist,farm and food
SC,10,NC,9706123.8,24,10632394.0,27,0.9129,149.0,1,1,2,1,1,2,1,1,1,0.0,2012,transient,Generalist,bulk minerals
SC,11,IL,59969653.2,20,101750220.7,143,0.5894,554.0,5,6,11,3,4,6,1,1,2,0.0,2012,transient,Generalist,bulk minerals
SC,12,NC,16000376.6,89,31880499.7,161,0.5019,57.0,1,1,1,1,1,1,1,1,1,0.0,2012,transient,Generalist,bulk minerals
SC,13,GA,103295100.6,115,172534626.2,221,0.5987,168.0,0,0,0,0,0,0,0,0,0,1.3155,2012,transient,Generalist,bulk minerals
SC,14,TN,191305286.7,11,257375295.6,54,0.7433,172.0,0,0,0,0,0,0,0,0,0,1.6919,2012,transient,Generalist,bulk minerals
SC,15,KY,201076138.5,4,319789427.0,11,0.6288,334.0,2,3,6,2,3,6,1,2,3,0.0,2012,transient,Generalist,bulk minerals
SC,17,IL,1607377262.4,26,3155779558.1,124,0.5093,514.0,5,9,18,3,5,11,0,1,1,0.0,2012,transient,Generalist,fuels
SC,18,NC,86944665.9,16,158889899.4,36,0.5472,49.0,0,0,0,0,0,0,0,0,0,1.7551,2012,transient,Generalist,fuels
SC,25,WV,6496154.2,3,7584231.7,4,0.8565,403.0,7,9,16,6,8,14,5,7,11,0.0,2012,transient,Generalist,wood and paper
SC,37,TX,1238975728.1,28,2066511327.1,359,0.5995,929.0,15,17,19,7,8,9,2,3,4,0.0,2012,transient,Generalist,machinery and vehicles
SD,02,IN,422873511.3,13,492147373.1,47,0.8592,548.0,10,12,14,8,10,11,6,6,6,0.0,2012,transient,Specialist,farm and food
SD,06,NE,45618536.3,3,82125378.7,63,0.5555,299.0,4,4,10,4,4,10,4,4,10,0.0,2012,transient,Specialist,farm and food
SD,08,CO,110339994.6,10,193483009.2,70,0.5703,424.0,3,5,9,3,5,9,2,4,6,0.0,2012,transient,Specialist,farm and food
SD,09,IL,94437303.8,3,115071274.4,40,0.8207,785.0,7,11,19,4,7,13,2,3,6,0.0,2012,transient,Specialist,farm and food
SD,10,CO,5515160.7,1,8012761.3,17,0.6883,306.0,2,2,6,1,1,5,1,1,5,0.0,2012,transient,Specialist,bulk minerals
SD,11,MN,5580139.9,5,6682107.1,11,0.8351,153.0,1,2,2,1,2,2,1,2,2,0.0,2012,transient,Specialist,bulk minerals
SD,14,AK,320646.5,5,320646.5,5,1.0,2216.0,27,27,27,27,27,27,26,26,26,0.0,2012,transient,Specialist,bulk minerals
SD,15,WY,17420152.7,37,17420152.7,37,1.0,111.0,0,0,0,0,0,0,0,0,0,1.6306,2012,persistent,Specialist,bulk minerals
SD,18,NE,123960703.4,3,212709492.0,23,0.5828,106.0,1,1,4,0,0,1,0,0,0,0.0,2012,transient,Specialist,fuels
SD,19,MN,233670628.5,60,415120065.1,130,0.5629,78.0,0,1,2,0,1,2,0,1,1,0.2051,2012,transient,Specialist,fuels
SD,25,MN,5140583.8,2,6257620.0,6,0.8215,318.0,0,0,3,0,0,3,0,0,1,0.2642,2012,transient,Specialist,wood and paper
SD,31,MN,305009360.4,61,534289329.1,267,0.5709,197.0,1,1,3,1,1,3,0,0,1,0.0,2012,transient,Specialist,metals and minerals
TN,02,IL,679493876.5,5,1014973017.4,54,0.6695,270.0,1,2,6,1,2,4,0,0,0,0.0,2012,transient,Sustainer,farm and food
TN,10,NC,1618098.5,12,2118119.4,19,0.7639,187.0,1,2,4,1,2,4,0,1,3,0.0,2012,transient,Sustainer,bulk minerals
TN,14,NJ,33626323.3,11,58127863.7,44,0.5785,861.0,10,13,17,8,11,15,5,7,9,0.0,2012,transient,Sustainer,bulk minerals
TN,15,KY,336727801.1,117,570054952.5,140,0.5907,201.0,2,2,5,1,1,3,0,0,1,0.0,2012,persistent,Sustainer,bulk minerals
TN,18,LA,634534026.0,1,1131008587.1,83,0.561,355.0,2,4,9,1,3,6,0,0,0,0.0,2012,transient,Sustainer,fuels
TN,37,WA,7012861085.0,24,11743540659.7,1116,0.5972,1866.0,5,5,5,1,1,1,0,0,0,0.0,2012,transient,Sustainer,machinery and vehicles
TX,02,KS,7912014874.6,132,10467269822.9,584,0.7559,762.0,0,0,0,0,0,0,0,0,0,,2012,transient,Engine,farm and food
TX,14,NM,849067442.6,166,1231930940.1,247,0.6892,127.0,0,0,0,0,0,0,0,0,0,2.4331,2012,transient,Engine,bulk minerals
TX,15,WY,774810473.7,191,1090778989.2,240,0.7103,1096.0,3,3,4,2,2,3,1,1,1,0.0,2012,persistent,Engine,bulk minerals
TX,18,LA,5327254446.5,41,7549581490.0,109,0.7056,122.0,0,0,0,0,0,0,0,0,0,,2012,persistent,Engine,fuels
TX,25,LA,133013814.6,128,215493199.4,196,0.6173,194.0,0,0,1,0,0,0,0,0,0,0.8247,2012,transient,Engine,wood and paper
UT,03,IL,736216270.3,12,980239812.9,160,0.7511,1258.5,13,21,28,8,14,19,3,5,8,0.0,2012,transient,Generalist,farm and food
UT,08,CO,87145701.8,8,155084176.7,45,0.5619,361.5,0,0,2,0,0,2,0,0,1,0.6141,2012,transient,Generalist,farm and food
UT,09,IL,5471044.8,1,10559219.6,22,0.5181,1250.0,14,21,33,12,19,31,9,16,28,0.0,2012,transient,Generalist,farm and food
UT,11,CA,16324609.7,4,30048034.6,47,0.5433,579.5,2,2,10,1,1,7,0,0,2,0.0,2012,transient,Generalist,bulk minerals
UT,12,ID,2251641.9,24,4248018.6,37,0.53,94.0,0,0,1,0,0,1,0,0,1,0.4149,2012,transient,Generalist,bulk minerals
UT,14,CO,810379802.4,3,1170028919.1,10,0.6926,383.0,2,3,4,1,1,1,0,0,0,0.0,2012,transient,Generalist,bulk minerals
UT,15,CO,83744052.4,32,84813502.3,34,0.9874,46.0,0,0,1,0,0,1,0,0,1,0.6087,2012,persistent,Generalist,bulk minerals
UT,19,CA,901524721.3,39,1252366457.4,164,0.7199,580.0,2,2,7,1,1,5,0,0,3,0.0,2012,transient,Generalist,fuels
UT,36,CA,4613969176.7,131,8577045711.8,809,0.5379,537.0,1,2,9,0,1,4,0,0,1,0.0,2012,transient,Generalist,machinery and vehicles
VA,02,ND,247852805.7,9,345431663.6,113,0.7175,1343.0,16,17,21,12,13,16,9,9,11,0.0,2012,transient,Market,farm and food
VA,09,PA,923309794.2,84,1328365665.2,269,0.6951,226.0,2,2,2,2,2,2,1,1,1,0.0,2012,transient,Market,farm and food
VA,10,GA,15602174.0,1,27009318.5,38,0.5777,419.0,4,6,8,2,3,5,1,2,3,0.0,2012,transient,Market,bulk minerals
VA,11,GA,33335614.8,10,53290989.1,231,0.6255,456.0,4,5,10,3,4,7,1,2,3,0.0,2012,transient,Market,bulk minerals
VA,14,TN,87720737.4,4,137576293.9,66,0.6376,182.0,0,1,2,0,1,2,0,1,1,0.0769,2012,transient,Market,bulk minerals
VA,15,WV,1404328689.7,48,2111715198.5,97,0.665,295.0,2,2,2,1,1,1,0,0,0,0.0,2012,persistent,Market,bulk minerals
VA,18,MD,192528911.5,26,380340007.4,84,0.5062,21.5,1,1,3,0,0,2,0,0,2,0.0,2012,transient,Market,fuels
VA,37,WA,7523930179.8,11,10434627928.3,549,0.7211,2292.0,3,4,4,0,1,1,0,0,0,0.0,2012,transient,Market,machinery and vehicles
VT,02,MN,5115183.9,1,8364313.9,4,0.6115,1011.0,18,25,33,18,25,33,16,23,30,0.0,2012,transient,Sustainer,farm and food
VT,03,NJ,167694986.2,58,275344155.0,119,0.609,167.0,2,3,3,2,3,3,1,1,1,0.0,2012,transient,Sustainer,farm and food
VT,09,FL,11472236.0,2,18562766.1,26,0.618,1226.5,24,26,29,24,26,29,18,19,21,0.0,2012,transient,Sustainer,farm and food
VT,12,NH,12900726.3,59,15452220.9,78,0.8349,11.0,0,0,0,0,0,0,0,0,0,1.4545,2012,transient,Sustainer,bulk minerals
VT,13,NJ,30304058.4,1,46599449.6,28,0.6503,266.0,1,2,4,1,2,4,1,2,2,0.0,2012,transient,Sustainer,bulk minerals
VT,15,PA,1835666.0,1,1835666.0,1,1.0,350.0,0,1,4,0,1,4,0,1,4,0.16,2012,transient,Sustainer,bulk minerals
VT,17,MA,1409343494.2,3,2767755310.9,75,0.5092,132.0,1,1,3,1,1,3,0,0,0,0.0,2012,transient,Sustainer,fuels
VT,18,NY,502018997.7,63,894305172.0,199,0.5614,19.0,2,2,2,0,0,0,0,0,0,0.0,2012,transient,Sustainer,fuels
VT,19,CT,1259538198.3,10,1470622859.3,231,0.8565,186.0,2,2,4,0,0,2,0,0,0,0.0,2012,transient,Sustainer,fuels
VT,21,MA,364693055.6,18,533351249.0,118,0.6838,141.0,2,3,4,2,3,4,1,1,2,0.0,2012,persistent,Sustainer,chemicals
VT,22,OR,4248425.3,2,6000132.8,14,0.7081,2388.0,43,44,44,41,42,42,38,39,39,0.0,2012,transient,Sustainer,chemicals
VT,35,NY,1406042706.3,178,2519809289.6,703,0.558,205.0,4,5,7,3,4,5,2,3,4,0.0,2012,transient,Sustainer,machinery and vehicles
VT,37,TX,130856786.2,4,172422661.0,49,0.7589,1571.5,30,32,38,29,31,36,26,27,31,0.0,2012,transient,Sustainer,machinery and vehicles
VT,41,NY,55132686.8,25,61186895.1,35,0.9011,63.0,0,0,0,0,0,0,0,0,0,1.0397,2012,transient,Sustainer,scrap and mixed
WA,10,ID,6038852.2,3,10594352.9,44,0.57,629.0,0,1,4,0,1,3,0,1,2,0.2019,2012,transient,Router,bulk minerals
WA,11,NM,10386525.2,1,15324817.4,20,0.6778,1281.0,3,7,25,3,7,20,1,5,13,0.0,2012,transient,Router,bulk minerals
WA,12,OR,7520899.5,49,14496193.8,77,0.5188,14.0,0,0,0,0,0,0,0,0,0,30.2143,2012,transient,Router,bulk minerals
WA,14,MT,301057177.6,8,586357579.6,148,0.5134,428.0,0,0,1,0,0,1,0,0,1,0.5584,2012,transient,Router,bulk minerals
WA,15,WY,140260084.8,6,197952618.5,32,0.7086,850.5,1,2,2,1,2,2,0,0,0,0.0,2012,transient,Router,bulk minerals
WA,17,OR,572588845.4,42,919209898.4,93,0.6229,25.5,0,0,0,0,0,0,0,0,0,16.1373,2012,transient,Router,fuels
WA,18,OR,189296675.4,42,193510492.6,47,0.9782,16.0,0,0,0,0,0,0,0,0,0,26.3125,2012,transient,Router,fuels
WA,25,PA,17279425.8,2,34083838.4,101,0.507,2181.0,14,18,18,11,13,13,4,4,4,0.0,2012,transient,Router,wood and paper
WA,43,OR,8402621922.0,1040,14257201328.2,2690,0.5894,159.0,0,0,0,0,0,0,0,0,0,3.8145,2012,persistent,Router,scrap and mixed
WI,02,ND,475241299.0,12,641269840.3,89,0.7411,442.0,9,10,12,9,10,11,4,5,5,0.0,2012,transient,Generalist,farm and food
WI,09,IL,233837777.6,18,339713378.7,68,0.6883,144.0,1,1,1,0,0,0,0,0,0,0.0,2012,transient,Generalist,farm and food
WI,14,MN,844835558.5,36,1120261019.1,68,0.7541,63.0,0,0,0,0,0,0,0,0,0,13.1587,2012,transient,Generalist,bulk minerals
WI,15,WY,254796747.6,42,404296967.8,78,0.6302,814.0,8,9,9,7,8,8,4,4,4,0.0,2012,persistent,Generalist,bulk minerals
WI,17,IL,540727529.6,13,970323803.8,98,0.5573,61.0,1,1,1,1,1,1,1,1,1,0.0,2012,transient,Generalist,fuels
WI,18,IL,345676877.7,15,416738249.2,48,0.8295,70.0,0,0,0,0,0,0,0,0,0,1.9286,2012,transient,Generalist,fuels
WI,19,IL,3842656158.5,172,4718600674.9,513,0.8144,95.5,0,0,0,0,0,0,0,0,0,4.3665,2012,transient,Generalist,fuels
WI,21,IL,8799804926.8,181,11511638338.5,978,0.7644,112.0,0,0,0,0,0,0,0,0,0,1.7857,2012,persistent,Generalist,chemicals
WI,31,MN,2263639532.3,182,4321449764.0,1315,0.5238,156.5,0,1,2,0,0,0,0,0,0,0.2396,2012,transient,Generalist,metals and minerals
WV,02,OH,4023510.0,4,4545926.7,8,0.8851,152.0,5,5,8,5,5,8,3,3,6,0.0,2012,transient,Sustainer,farm and food
WV,08,OH,92164613.0,11,145757595.7,45,0.6323,171.0,0,3,7,0,3,7,0,2,5,0.0643,2012,transient,Sustainer,farm and food
WV,10,NC,2330672.7,6,3063221.9,11,0.7609,215.0,3,3,9,3,3,9,2,2,7,0.0,2012,transient,Sustainer,bulk minerals
WV,13,TX,39705309.7,7,65625482.9,40,0.605,987.0,20,20,27,16,16,21,5,5,6,0.0,2012,transient,Sustainer,bulk minerals
WV,14,AZ,201570047.0,7,206194640.7,16,0.9776,1789.0,9,10,10,7,8,8,4,5,5,0.0,2012,transient,Sustainer,bulk minerals
WV,17,KY,4588086072.3,62,5108240989.1,113,0.8982,29.0,0,0,0,0,0,0,0,0,0,13.9655,2012,persistent,Sustainer,fuels
WV,18,KY,1800195121.1,53,2227169264.4,105,0.8083,38.0,1,1,1,0,0,0,0,0,0,0.0,2012,transient,Sustainer,fuels
WV,25,KY,3249692.8,1,5637758.9,9,0.5764,146.0,2,2,4,2,2,4,2,2,3,0.0,2012,transient,Sustainer,wood and paper
WV,28,TX,293697712.2,4,546349914.4,322,0.5376,1227.0,28,29,35,27,28,32,15,15,17,0.0,2012,transient,Sustainer,wood and paper
WV,41,OH,188278193.9,77,242267329.2,102,0.7772,115.0,3,3,6,3,3,6,1,1,3,0.0,2012,transient,Sustainer,scrap and mixed
WY,02,NE,4623001.9,5,4623001.9,5,1.0,24.0,0,0,0,0,0,0,0,0,0,3.875,2012,transient,Specialist,farm and food
WY,03,CA,42578189.2,5,83912228.3,62,0.5074,791.0,15,20,35,15,20,35,13,18,33,0.0,2012,transient,Specialist,farm and food
WY,09,FL,9517301.5,1,13219502.0,10,0.7199,1775.0,30,31,31,29,30,30,23,24,24,0.0,2012,transient,Specialist,farm and food
WY,10,CO,21483044.6,3,22431180.6,6,0.9577,225.0,1,1,1,0,0,0,0,0,0,0.0,2012,transient,Specialist,bulk minerals
WY,11,WI,5204744.6,5,6774304.7,8,0.7683,768.0,9,14,26,6,11,22,6,11,17,0.0,2012,transient,Specialist,bulk minerals
WY,12,SD,11818674.0,4,17979276.9,72,0.6573,148.5,1,1,1,0,0,0,0,0,0,0.0,2012,transient,Specialist,bulk minerals
WY,13,UT,169371080.7,35,177264743.1,46,0.9555,81.0,0,0,0,0,0,0,0,0,0,6.7222,2012,persistent,Specialist,bulk minerals
WY,14,NJ,266194.5,1,335060.6,4,0.7945,1661.0,24,25,26,24,25,26,23,24,25,0.0,2012,transient,Specialist,bulk minerals
WY,15,MT,18248028.6,77,32054513.8,124,0.5693,72.0,0,0,0,0,0,0,0,0,0,1.125,2012,transient,Specialist,bulk minerals
WY,17,MT,1154012595.4,40,1309671669.6,68,0.8811,101.0,1,1,2,1,1,1,0,0,0,0.0,2012,transient,Specialist,fuels
WY,18,MT,408165479.7,29,546973647.0,47,0.7462,101.0,0,0,0,0,0,0,0,0,0,3.4802,2012,transient,Specialist,fuels
WY,19,MT,232174320.2,42,388092182.8,95,0.5982,189.0,1,2,2,1,1,1,1,1,1,0.0,2012,transient,Specialist,fuels
WY,21,CO,393091233.9,40,747382066.7,161,0.526,291.0,1,1,6,1,1,6,0,0,4,0.0,2012,transient,Specialist,chemicals
WY,28,CO,90691185.2,34,154962370.6,91,0.5852,94.0,0,1,2,0,1,2,0,0,0,0.2447,2012,transient,Specialist,wood and paper
WY,32,CO,345313554.8,59,679522091.8,326,0.5082,184.0,1,1,2,1,1,2,1,1,1,0.0,2012,transient,Specialist,metals and minerals
WY,37,IN,124650016.8,1,168265895.2,48,0.7408,1015.0,19,24,39,17,22,37,14,19,32,0.0,2012,transient,Specialist,machinery and vehicles
WY,41,MT,464444.8,12,494289.8,13,0.9396,251.0,4,4,6,4,4,6,4,4,6,0.0,2012,transient,Specialist,scrap and mixed
AK,04,WA,20779580.3,5,21650869.7,8,0.9598,1457.0,1,2,21,1,2,21,1,2,19,0.0,2017,transient,Market,farm and food
AK,05,WA,513516283.7,88,539637491.7,104,0.9516,1942.0,2,5,37,1,4,33,0,2,27,0.0,2017,transient,Market,farm and food
AK,06,WA,10542746.7,52,10796060.0,55,0.9765,1212.5,0,0,8,0,0,8,0,0,8,0.2709,2017,transient,Market,farm and food
AK,07,WA,293121933.6,117,403971521.2,164,0.7256,1448.0,0,2,20,0,1,19,0,1,18,0.066,2017,transient,Market,farm and food
AK,08,NJ,19719897.4,2,25117366.9,7,0.7851,3358.0,31,37,37,28,33,33,26,30,30,0.0,2017,transient,Market,farm and food
AK,09,TN,7143489.2,5,11956387.2,17,0.5975,3185.0,17,29,29,16,27,27,12,23,23,0.0,2017,transient,Market,farm and food
AK,11,WA,73292.4,2,73292.4,2,1.0,1541.0,0,1,18,0,1,18,0,1,18,0.1966,2017,transient,Market,bulk minerals
AK,13,OH,26436608.8,14,29640848.5,17,0.8919,3068.0,20,38,39,16,30,31,11,23,24,0.0,2017,transient,Market,bulk minerals
AK,14,FL,10712158.1,6,10712158.1,6,1.0,3797.0,28,28,28,27,27,27,24,24,24,0.0,2017,transient,Market,bulk minerals
AK,17,WA,175247687.2,1,175247687.2,1,1.0,1377.0,0,1,12,0,1,9,0,0,6,0.1191,2017,transient,Market,fuels
AK,18,WA,152436412.1,4,152436412.1,4,1.0,886.0,0,0,0,0,0,0,0,0,0,1.0034,2017,transient,Market,fuels
AK,19,CA,30906553.8,3,54045193.7,27,0.5719,2342.0,7,18,42,7,18,41,5,14,34,0.0,2017,transient,Market,fuels
AK,21,WA,1723691107.0,89,2983484696.6,215,0.5777,1444.0,0,0,13,0,0,10,0,0,7,0.5976,2017,transient,Market,chemicals
AK,22,SC,152.8,1,152.8,1,1.0,3601.0,45,46,46,45,46,46,45,46,46,0.0,2017,transient,Market,chemicals
AK,26,WA,35444349.2,46,43602537.2,53,0.8129,1447.0,0,2,21,0,2,20,0,2,19,0.1928,2017,transient,Market,wood and paper
AK,28,WA,310095593.9,47,350922946.2,82,0.8837,1457.0,0,1,15,0,1,11,0,1,8,0.0522,2017,transient,Market,wood and paper
AK,31,WA,70353372.1,35,97869896.3,77,0.7188,1437.0,0,3,19,0,2,16,0,2,13,0.0675,2017,transient,Market,metals and minerals
AK,40,WA,2726710158.5,82,3465625787.5,548,0.7868,1437.0,0,1,13,0,0,9,0,0,3,0.0675,2017,transient,Market,other manufactured
AK,43,WA,1865238100.4,251,2101913747.7,364,0.8874,1452.0,0,1,16,0,1,13,0,0,8,0.0634,2017,persistent,Market,scrap and mixed
AL,10,GA,37904198.7,19,47617522.7,38,0.796,113.0,0,0,0,0,0,0,0,0,0,3.0708,2017,transient,Generalist,bulk minerals
AL,25,FL,105401811.5,17,143092474.9,36,0.7366,336.0,1,3,7,1,1,1,0,0,0,0.0,2017,transient,Generalist,wood and paper
AR,02,KS,67340705.0,18,132589266.9,112,0.5079,80.0,1,1,2,1,1,2,1,1,2,0.0,2017,transient,Generalist,farm and food
AR,09,TX,123027458.9,44,244909437.5,108,0.5023,217.0,1,2,5,1,2,5,1,1,3,0.0,2017,transient,Generalist,farm and food
AR,12,AL,13514423.0,7,19033362.7,25,0.71,330.0,4,6,13,2,4,11,1,2,7,0.0,2017,transient,Generalist,bulk minerals
AR,14,TX,86325425.2,2,96115714.1,11,0.8981,392.5,4,4,11,3,3,8,2,2,4,0.0,2017,transient,Generalist,bulk minerals
AR,15,WY,162828522.3,35,170827509.7,44,0.9532,956.0,10,11,12,7,7,8,5,5,5,0.0,2017,persistent,Generalist,bulk minerals
AR,17,TN,318165464.2,38,612112267.4,116,0.5198,98.0,1,1,1,1,1,1,1,1,1,0.0,2017,transient,Generalist,fuels
AR,21,TN,3077514962.6,118,5652473098.0,715,0.5445,141.5,0,2,5,0,1,3,0,1,3,0.0177,2017,transient,Generalist,chemicals
AR,22,TN,236800675.0,46,352701992.6,177,0.6714,46.0,0,0,1,0,0,1,0,0,0,0.6957,2017,transient,Generalist,chemicals
AR,25,OK,12937648.8,5,16933689.6,8,0.764,200.0,2,3,6,1,1,3,1,1,3,0.0,2017,transient,Generalist,wood and paper
AZ,02,MO,202266939.6,1,306877685.4,26,0.6591,1058.0,9,13,23,7,10,18,4,6,10,0.0,2017,transient,Generalist,farm and food
AZ,03,CA,1202015855.6,334,2284497373.9,642,0.5262,361.0,0,0,1,0,0,1,0,0,0,0.928,2017,persistent,Generalist,farm and food
AZ,08,CA,788929583.3,162,1317027584.0,325,0.599,583.5,0,1,3,0,1,3,0,0,1,0.0746,2017,persistent,Generalist,farm and food
AZ,10,CA,1620991.0,2,2455162.4,4,0.6602,317.0,0,1,2,0,0,1,0,0,1,0.1325,2017,transient,Generalist,bulk minerals
AZ,11,CA,36913830.9,54,52369357.3,70,0.7049,346.0,0,0,0,0,0,0,0,0,0,1.1618,2017,transient,Generalist,bulk minerals
AZ,12,CA,3946274.0,34,4494045.5,37,0.8781,282.0,0,0,0,0,0,0,0,0,0,1.0851,2017,transient,Generalist,bulk minerals
AZ,15,NM,179492317.1,27,268136728.3,67,0.6694,124.0,0,0,0,0,0,0,0,0,0,1.4556,2017,transient,Generalist,bulk minerals
AZ,19,CA,974264709.4,75,1204133945.5,279,0.8091,351.0,0,0,1,0,0,1,0,0,0,0.6752,2017,transient,Generalist,fuels
AZ,25,OR,2278485.6,2,2607146.2,4,0.8739,1065.5,4,8,24,3,7,20,3,7,18,0.0,2017,transient,Generalist,wood and paper
AZ,37,TX,3856893191.7,48,5577711760.4,1007,0.6915,861.5,1,2,6,1,2,5,0,0,1,0.0,2017,transient,Generalist,machinery and vehicles
AZ,43,CA,4344335894.8,1008,7543722220.2,2488,0.5759,340.0,0,0,2,0,0,1,0,0,0,0.3353,2017,transient,Generalist,scrap and mixed
CA,10,AZ,31870977.4,11,59598525.9,94,0.5348,385.0,0,0,1,0,0,0,0,0,0,0.674,2017,transient,Engine,bulk minerals
CA,12,AZ,48244832.7,57,61649245.6,144,0.7826,400.0,0,0,1,0,0,0,0,0,0,0.6675,2017,transient,Engine,bulk minerals
CA,14,NV,2597933543.6,40,3556747974.5,206,0.7304,425.0,0,0,0,0,0,0,0,0,0,,2017,transient,Engine,bulk minerals
CA,15,UT,176883439.2,13,248472294.8,50,0.7119,522.0,0,0,4,0,0,3,0,0,1,0.2989,2017,transient,Engine,bulk minerals
CA,18,TX,188929854.4,7,294207254.5,135,0.6422,1117.0,2,4,20,1,3,13,0,1,3,0.0,2017,transient,Engine,fuels
CO,09,NC,171684333.4,5,294752615.2,104,0.5825,1384.0,9,14,14,7,11,11,3,6,6,0.0,2017,transient,Router,farm and food
CO,10,TX,47716025.6,34,60160945.7,57,0.7931,799.0,3,4,11,2,3,6,0,0,0,0.0,2017,transient,Router,bulk minerals
CO,11,WI,75370682.5,9,123294968.1,58,0.6113,789.0,6,8,15,2,4,8,0,1,1,0.0,2017,transient,Router,bulk minerals
CO,15,WY,53047059.6,20,53047059.6,20,1.0,192.0,0,1,2,0,1,2,0,0,0,0.0104,2017,persistent,Router,bulk minerals
CO,17,TX,817348598.1,5,1419775484.8,49,0.5757,304.0,2,2,5,0,0,1,0,0,1,0.0,2017,transient,Router,fuels
CO,25,WA,3990572.0,3,6328931.6,8,0.6305,975.0,7,15,22,6,13,18,5,9,14,0.0,2017,transient,Router,wood and paper
CT,02,VA,3448492.8,2,4076567.3,9,0.8459,400.0,7,7,14,7,7,13,7,7,13,0.0,2017,transient,Generalist,farm and food
CT,09,NJ,233656597.7,23,370198931.2,106,0.6312,65.0,0,0,0,0,0,0,0,0,0,1.1308,2017,transient,Generalist,farm and food
CT,12,MA,7109856.9,118,10053206.5,132,0.7072,18.0,0,0,0,0,0,0,0,0,0,3.8889,2017,persistent,Generalist,bulk minerals
CT,15,CO,18149712.0,2,21403687.0,3,0.848,1791.0,10,14,14,9,13,13,8,12,12,0.0,2017,transient,Generalist,bulk minerals
CT,17,LA,214014572.8,3,280177381.3,13,0.7639,1225.0,24,30,35,20,26,27,13,17,17,0.0,2017,transient,Generalist,fuels
CT,18,TX,910335137.5,5,1376235564.7,71,0.6615,1448.0,8,8,8,2,2,2,1,1,1,0.0,2017,transient,Generalist,fuels
CT,19,LA,794392994.9,3,1464203174.0,198,0.5425,1214.0,11,14,16,8,10,11,0,1,1,0.0,2017,transient,Generalist,fuels
CT,21,MA,4790450802.8,63,7794219348.7,792,0.6146,89.0,1,1,3,1,1,3,1,1,3,0.0,2017,transient,Generalist,chemicals
CT,22,MA,80300273.9,41,111496409.9,80,0.7202,75.0,1,1,1,1,1,1,0,0,0,0.0,2017,transient,Generalist,chemicals
CT,25,PA,6276320.0,5,11493926.0,17,0.5461,189.0,3,3,3,2,2,2,1,1,1,0.0,2017,transient,Generalist,wood and paper
CT,37,WA,2158569114.8,40,3881261118.4,967,0.5562,2428.0,12,13,13,6,7,7,2,3,3,0.0,2017,transient,Generalist,machinery and vehicles
DC,02,MI,3879.2,1,3879.2,1,1.0,419.0,9,14,23,9,14,23,9,14,23,0.0,2017,transient,Market,farm and food
DC,03,MD,77229087.5,50,125550949.2,97,0.6151,9.0,0,0,0,0,0,0,0,0,0,1.6667,2017,persistent,Market,farm and food
DC,04,VA,10145552.3,4,18455294.3,15,0.5497,8.5,0,0,0,0,0,0,0,0,0,1.8235,2017,transient,Market,farm and food
DC,05,MD,271856948.0,115,455414130.3,250,0.5969,21.0,0,1,1,0,1,1,0,1,1,0.1905,2017,persistent,Market,farm and food
DC,06,MD,167409316.3,348,256377674.6,494,0.653,9.0,1,1,1,1,1,1,1,1,1,0.0,2017,persistent,Market,farm and food
DC,07,MD,260753098.8,204,480664140.4,282,0.5425,21.0,0,0,0,0,0,0,0,0,0,3.0,2017,persistent,Market,farm and food
DC,09,MD,25637093.2,14,37477316.4,19,0.6841,32.0,1,1,1,1,1,1,1,1,1,0.0,2017,transient,Market,farm and food
DC,10,WI,6357417.0,1,9440211.2,3,0.6734,701.0,16,17,22,12,13,16,11,12,14,0.0,2017,transient,Market,bulk minerals
DC,11,MD,100582.3,3,136702.3,5,0.7358,70.0,1,1,4,1,1,4,1,1,4,0.0,2017,persistent,Market,bulk minerals
DC,12,VA,966010.0,3,966010.0,3,1.0,25.0,1,1,1,1,1,1,1,1,1,0.0,2017,transient,Market,bulk minerals
DC,13,WI,4059460.8,1,5659109.4,9,0.7173,764.0,22,27,35,22,27,34,20,25,31,0.0,2017,transient,Market,bulk minerals
DC,17,VA,18526035.5,6,19229556.8,7,0.9634,18.0,1,1,1,1,1,1,1,1,1,0.0,2017,persistent,Market,fuels
DC,18,MD,32288869.9,33,35239880.7,37,0.9163,6.0,0,0,0,0,0,0,0,0,0,4.3333,2017,transient,Market,fuels
DC,19,MD,4057006.5,5,7110945.8,12,0.5705,35.0,1,1,2,1,1,2,1,1,2,0.0,2017,persistent,Market,fuels
DC,22,MD,709858.0,1,709858.0,1,1.0,67.0,2,2,4,2,2,4,1,1,3,0.0,2017,transient,Market,chemicals
DC,25,MD,743753.8,4,743753.8,4,1.0,39.5,1,1,2,1,1,2,1,1,1,0.0,2017,transient,Market,wood and paper
DC,27,MA,58305266.2,14,97891264.9,74,0.5956,316.0,9,10,20,9,9,18,8,8,17,0.0,2017,transient,Market,wood and paper
DC,28,MD,63505431.1,64,93780783.6,130,0.6772,8.0,0,0,0,0,0,0,0,0,0,2.375,2017,transient,Market,wood and paper
DC,31,MD,126193880.9,147,216390646.1,343,0.5832,11.0,0,0,0,0,0,0,0,0,0,1.1818,2017,transient,Market,metals and minerals
DC,34,MD,200484936.0,79,388989127.9,186,0.5154,19.0,1,1,1,1,1,1,1,1,1,0.0,2017,transient,Market,machinery and vehicles
DC,41,MD,11997314.6,11,11997314.6,11,1.0,19.0,0,0,1,0,0,1,0,0,1,0.3158,2017,transient,Market,scrap and mixed
DC,43,VA,5105731227.2,269,7096139747.2,1097,0.7195,27.0,1,1,1,1,1,1,0,0,0,0.0,2017,transient,Market,scrap and mixed
DE,02,MD,105618088.0,70,161789635.8,105,0.6528,45.0,0,0,0,0,0,0,0,0,0,2.5556,2017,persistent,Generalist,farm and food
DE,10,MN,6927366.6,1,12348744.9,9,0.561,1030.0,17,19,23,14,15,19,12,12,14,0.0,2017,transient,Generalist,bulk minerals
DE,12,MD,13441373.7,111,25332354.9,190,0.5306,24.0,0,0,0,0,0,0,0,0,0,1.4583,2017,transient,Generalist,bulk minerals
DE,14,MN,3772657.2,1,3772657.2,1,1.0,965.0,19,21,26,18,20,25,17,19,24,0.0,2017,transient,Generalist,bulk minerals
DE,15,TN,494018.4,1,494018.4,1,1.0,571.0,7,8,10,7,8,10,7,8,10,0.0,2017,transient,Generalist,bulk minerals
DE,17,IN,23424051.9,5,42019312.2,8,0.5575,512.0,16,18,28,16,18,27,12,14,22,0.0,2017,transient,Generalist,fuels
DE,18,NJ,8689597.5,8,17261676.4,16,0.5034,38.0,2,2,2,2,2,2,2,2,2,0.0,2017,transient,Generalist,fuels
DE,22,MD,22623210.8,31,41346658.7,41,0.5472,65.0,2,2,2,1,1,1,1,1,1,0.0,2017,transient,Generalist,chemicals
DE,41,MA,8695156.8,1,13380157.3,3,0.6499,273.0,7,9,14,7,9,13,7,9,13,0.0,2017,transient,Generalist,scrap and mixed
FL,11,GA,78994325.5,136,150882529.5,276,0.5235,93.0,0,0,0,0,0,0,0,0,0,3.1828,2017,transient,Market,bulk minerals
FL,15,KY,324448446.1,12,459673362.8,84,0.7058,629.0,1,3,5,1,3,4,0,0,1,0.0,2017,transient,Market,bulk minerals
FL,17,LA,4811007054.2,3,8383380890.3,108,0.5739,516.0,0,0,4,0,0,2,0,0,0,0.5872,2017,transient,Market,fuels
FL,18,LA,1150726392.8,2,1490884467.9,36,0.7718,606.0,0,0,4,0,0,2,0,0,1,0.3581,2017,transient,Market,fuels
FL,25,GA,74433690.8,47,105361338.1,67,0.7065,211.0,0,0,0,0,0,0,0,0,0,1.4076,2017,transient,Market,wood and paper
FL,43,GA,22423012681.2,1642,34624194818.2,6871,0.6476,268.5,0,0,0,0,0,0,0,0,0,1.2905,2017,transient,Market,scrap and mixed
GA,02,IN,1064374469.5,27,2091199564.1,256,0.509,460.0,2,2,5,1,1,2,0,0,0,0.0,2017,transient,Router,farm and food
GA,12,NC,77454439.9,92,148505948.8,239,0.5216,334.0,3,3,8,1,1,2,0,0,0,0.0,2017,transient,Router,bulk minerals
GA,14,FL,63184164.6,23,121345089.3,88,0.5207,411.0,2,7,13,2,6,10,2,4,4,0.0,2017,transient,Router,bulk minerals
GA,17,LA,1743133196.9,5,2931872302.4,98,0.5945,467.0,3,3,10,0,0,5,0,0,3,0.0,2017,transient,Router,fuels
GA,25,FL,71015417.3,11,88710007.2,24,0.8005,74.0,0,0,0,0,0,0,0,0,0,3.1892,2017,transient,Router,wood and paper
GA,37,SC,9602916171.3,25,17280898192.0,2447,0.5557,232.0,0,0,0,0,0,0,0,0,0,2.2716,2017,transient,Router,machinery and vehicles
HI,02,CA,747472.0,1,747472.0,1,1.0,2332.0,0,4,30,0,4,30,0,4,30,0.1072,2017,transient,Market,farm and food
HI,03,CA,86200793.2,28,114223258.3,52,0.7547,2518.0,0,6,39,0,6,38,0,5,35,0.0028,2017,persistent,Market,farm and food
HI,04,CA,116402228.9,16,117520237.9,26,0.9905,2592.0,2,7,41,2,6,39,0,2,26,0.0,2017,transient,Market,farm and food
HI,05,CA,203960295.0,49,243736125.1,75,0.8368,2560.0,0,6,41,0,5,38,0,4,34,0.0051,2017,persistent,Market,farm and food
HI,06,CA,149524466.4,38,155867610.1,47,0.9593,2449.0,0,6,35,0,6,33,0,3,24,0.0527,2017,persistent,Market,farm and food
HI,07,CA,559260064.9,105,688819390.7,170,0.8119,2450.0,0,6,35,0,6,34,0,5,27,0.0302,2017,persistent,Market,farm and food
HI,08,CA,121812827.7,30,190595058.2,52,0.6391,2417.0,0,3,21,0,3,19,0,1,13,0.0683,2017,transient,Market,farm and food
HI,11,VA,35523.9,2,35523.9,2,1.0,4892.0,33,40,40,32,39,39,32,39,39,0.0,2017,transient,Market,bulk minerals
HI,13,UT,1096387.4,1,1869228.5,3,0.5865,2997.0,6,10,46,6,10,45,6,10,45,0.0,2017,transient,Market,bulk minerals
HI,19,CA,41605938.9,4,44206924.2,13,0.9412,2531.0,0,8,41,0,8,40,0,5,32,0.0186,2017,transient,Market,fuels
HI,21,CA,2023936937.6,78,2838974439.0,272,0.7129,2506.5,0,3,32,0,3,27,0,1,14,0.0756,2017,transient,Market,chemicals
HI,22,CA,8464653.8,7,8464653.8,7,1.0,2465.0,0,6,36,0,6,35,0,6,32,0.0475,2017,transient,Market,chemicals
HI,23,CA,422577162.1,46,644489895.1,171,0.6557,2553.5,0,6,42,0,5,36,0,5,30,0.0076,2017,transient,Market,chemicals
HI,24,CA,402765040.2,56,528008837.6,196,0.7628,2519.0,0,6,40,0,5,37,0,4,35,0.0198,2017,transient,Market,chemicals
HI,26,WA,39212778.4,23,69340487.0,47,0.5655,2624.0,3,10,47,3,9,46,3,8,44,0.0,2017,transient,Market,wood and paper
HI,27,CA,53730777.6,1,58200200.7,17,0.9232,2591.0,2,7,42,2,6,39,1,5,36,0.0,2017,transient,Market,wood and paper
HI,28,OR,104708125.0,40,156579957.2,97,0.6687,2593.0,2,6,40,2,5,36,1,3,33,0.0,2017,transient,Market,wood and paper
HI,31,CA,61067192.4,15,108525268.8,61,0.5627,2556.0,0,8,47,0,7,43,0,5,39,0.017,2017,transient,Market,metals and minerals
HI,36,MA,1096304976.8,6,1799426190.2,258,0.6093,5089.0,38,38,38,34,34,34,27,27,27,0.0,2017,transient,Market,machinery and vehicles
HI,43,CA,3048465923.3,127,3129167328.7,221,0.9742,2544.0,1,4,36,1,3,31,0,0,14,0.0,2017,persistent,Market,scrap and mixed
IA,08,MO,412071452.2,44,632295053.5,193,0.6517,274.0,2,2,5,2,2,5,0,0,2,0.0,2017,transient,Generalist,farm and food
IA,10,MN,53066758.7,78,59715664.0,92,0.8887,252.0,0,1,2,0,1,2,0,0,0,0.1944,2017,transient,Generalist,bulk minerals
IA,14,CO,384063766.2,12,546475289.0,54,0.7028,783.0,4,6,7,2,2,3,0,0,1,0.0,2017,transient,Generalist,bulk minerals
IA,15,WY,188220067.7,29,201291293.9,39,0.9351,517.0,3,5,11,2,3,7,1,1,2,0.0,2017,persistent,Generalist,bulk minerals
IA,17,IN,797098820.5,13,1013207447.6,75,0.7867,391.0,6,10,14,2,3,6,1,1,2,0.0,2017,transient,Generalist,fuels
IA,18,IN,445127474.4,4,583168351.6,27,0.7633,178.0,2,2,2,1,1,1,0,0,0,0.0,2017,transient,Generalist,fuels
ID,02,MN,75998911.0,27,125498323.4,56,0.6056,1064.0,8,13,26,8,13,24,6,11,18,0.0,2017,transient,Specialist,farm and food
ID,03,WA,210718302.7,56,377691779.4,164,0.5579,64.0,0,0,0,0,0,0,0,0,0,3.4844,2017,transient,Specialist,farm and food
ID,08,CA,177264469.8,40,339903394.0,149,0.5215,504.5,3,4,5,3,4,4,0,1,1,0.0,2017,transient,Specialist,farm and food
ID,10,WA,40669001.4,14,48886088.8,30,0.8319,277.0,0,0,0,0,0,0,0,0,0,1.4621,2017,transient,Specialist,bulk minerals
ID,11,CO,96235.0,1,166035.1,3,0.5796,714.0,3,5,15,3,5,15,3,5,15,0.0,2017,transient,Specialist,bulk minerals
ID,12,WA,2260232.3,35,3133763.3,37,0.7213,21.0,0,0,0,0,0,0,0,0,0,11.4286,2017,persistent,Specialist,bulk minerals
ID,14,MT,40030771.9,24,40460393.5,31,0.9894,132.0,0,1,1,0,1,1,0,1,1,0.0909,2017,transient,Specialist,bulk minerals
ID,15,UT,20425735.2,2,20425735.2,2,1.0,273.0,2,2,2,2,2,2,2,2,2,0.0,2017,transient,Specialist,bulk minerals
ID,17,OR,76161961.3,29,152089215.2,45,0.5008,15.0,0,0,0,0,0,0,0,0,0,11.5333,2017,transient,Specialist,fuels
ID,21,UT,2043862282.8,249,3829877526.1,636,0.5337,293.0,1,1,1,1,1,1,0,0,0,0.0,2017,transient,Specialist,chemicals
ID,27,WA,175637938.2,78,312044482.8,141,0.5629,389.0,1,1,3,1,1,2,1,1,2,0.0,2017,transient,Specialist,wood and paper
ID,41,WA,14290506.8,24,22509689.1,32,0.6349,240.0,0,2,5,0,2,5,0,2,4,0.1833,2017,transient,Specialist,scrap and mixed
IL,09,NC,997627377.9,27,1826836271.7,301,0.5461,634.0,1,3,4,1,2,3,0,0,0,0.0,2017,transient,Engine,farm and food
IL,11,KS,32232603.9,5,59262407.5,79,0.5439,262.0,4,4,8,4,4,6,1,1,2,0.0,2017,transient,Engine,bulk minerals
IL,12,IA,55866926.5,16,103213211.3,276,0.5413,78.0,2,2,2,0,0,0,0,0,0,0.0,2017,transient,Engine,bulk minerals
IL,17,IN,3654166458.1,160,6974727771.4,485,0.5239,38.0,0,0,0,0,0,0,0,0,0,5.9211,2017,transient,Engine,fuels
IL,25,WI,58837356.6,19,105389925.4,81,0.5583,171.0,0,1,4,0,1,3,0,0,0,0.0994,2017,transient,Engine,wood and paper
IN,09,KY,302384044.2,46,585442396.3,233,0.5165,139.0,1,2,3,0,1,2,0,0,1,0.0,2017,transient,Sustainer,farm and food
IN,10,OH,7859562.3,4,14497354.7,29,0.5421,229.5,2,3,5,2,3,4,1,2,2,0.0,2017,transient,Sustainer,bulk minerals
IN,12,IL,53906767.1,48,99763008.1,101,0.5403,211.0,1,2,6,1,2,4,0,0,0,0.0,2017,transient,Sustainer,bulk minerals
IN,14,MN,610263538.9,14,722335248.2,127,0.8448,543.0,1,1,1,1,1,1,0,0,0,0.0,2017,persistent,Sustainer,bulk minerals
IN,17,IL,3824370174.4,53,6131756608.3,146,0.6237,274.0,1,1,1,0,0,0,0,0,0,0.0,2017,persistent,Sustainer,fuels
IN,18,IL,560523441.3,29,759310711.6,64,0.7382,61.0,0,0,0,0,0,0,0,0,0,2.5984,2017,transient,Sustainer,fuels
IN,25,KY,25483180.1,23,42993525.3,35,0.5927,334.0,4,4,9,4,4,9,2,2,6,0.0,2017,transient,Sustainer,wood and paper
KS,02,MN,249375865.0,3,408138445.1,111,0.611,558.0,11,14,18,9,11,14,5,7,8,0.0,2017,transient,Generalist,farm and food
KS,09,MO,133923033.6,42,235851876.6,78,0.5678,100.5,0,0,1,0,0,0,0,0,0,0.8458,2017,transient,Generalist,farm and food
KS,10,WI,8842622.2,14,10913445.3,24,0.8103,609.0,7,10,18,7,10,16,3,6,9,0.0,2017,transient,Generalist,bulk minerals
KS,14,MO,48900590.8,8,78738242.3,24,0.6211,261.0,0,1,6,0,1,6,0,1,4,0.2069,2017,transient,Generalist,bulk minerals
KS,15,WY,68479210.7,11,108559277.0,159,0.6308,623.0,3,6,12,3,6,12,2,4,8,0.0,2017,persistent,Generalist,bulk minerals
KS,17,TX,820530459.0,10,975186636.2,78,0.8414,421.0,5,8,15,2,4,8,2,2,4,0.0,2017,transient,Generalist,fuels
KS,25,NC,1028846.4,1,1123584.0,2,0.9157,1104.0,20,26,29,20,26,29,16,20,22,0.0,2017,transient,Generalist,wood and paper
KY,02,IN,14881961.1,13,22573689.1,37,0.6593,24.0,0,0,1,0,0,1,0,0,1,0.7083,2017,persistent,Sustainer,farm and food
KY,11,AL,97581698.7,4,144604735.4,94,0.6748,331.0,3,4,11,1,2,4,1,1,2,0.0,2017,transient,Sustainer,bulk minerals
LA,02,IL,3228793901.5,230,5957344776.9,535,0.542,663.0,0,0,1,0,0,0,0,0,0,0.5204,2017,transient,Sustainer,farm and food
LA,12,KY,42224302.6,124,60453393.2,217,0.6985,539.0,6,7,13,4,5,9,1,1,2,0.0,2017,transient,Sustainer,bulk minerals
LA,14,MO,453146372.7,381,483740794.7,414,0.9368,524.0,1,1,3,0,0,1,0,0,0,0.0,2017,transient,Sustainer,bulk minerals
LA,15,IL,208022364.1,9,397076834.4,46,0.5239,554.0,0,1,7,0,1,5,0,1,2,0.0505,2017,transient,Sustainer,bulk minerals
LA,18,TX,4873705131.7,13,4915994556.2,46,0.9914,229.0,0,0,0,0,0,0,0,0,0,,2017,transient,Sustainer,fuels
LA,19,TX,2384070302.1,124,3042034295.8,365,0.7837,242.0,0,0,0,0,0,0,0,0,0,1.6488,2017,transient,Sustainer,fuels
LA,21,TX,6148211009.9,346,11670435831.4,1120,0.5268,242.5,1,2,4,1,2,3,0,1,1,0.0,2017,transient,Sustainer,chemicals
LA,22,ID,313694839.0,78,452175497.1,179,0.6937,1466.0,14,15,15,8,9,9,0,0,0,0.0,2017,transient,Sustainer,chemicals
MA,02,KS,34488602.4,1,44230740.1,9,0.7797,1544.0,25,28,33,23,25,29,18,20,23,0.0,2017,transient,Router,farm and food
MA,09,NC,324837369.6,17,579834924.0,120,0.5602,582.0,3,4,8,2,2,5,1,1,2,0.0,2017,transient,Router,farm and food
MA,15,VA,3898447.8,2,5882614.4,5,0.6627,634.0,4,5,10,4,5,9,4,5,9,0.0,2017,transient,Router,bulk minerals
MA,17,RI,865347114.5,59,1172615711.5,88,0.738,41.0,0,0,0,0,0,0,0,0,0,3.9756,2017,transient,Router,fuels
MD,02,VA,409632444.6,33,539456815.3,165,0.7593,71.0,0,0,0,0,0,0,0,0,0,1.5211,2017,transient,Market,farm and food
MD,10,PA,110966122.1,75,135315777.2,99,0.8201,10.0,0,0,0,0,0,0,0,0,0,15.95,2017,transient,Market,bulk minerals
MD,12,PA,41487101.3,132,79575701.2,243,0.5214,48.0,1,1,1,0,0,0,0,0,0,0.0,2017,persistent,Market,bulk minerals
MD,14,VA,5276584.6,46,6496639.0,59,0.8122,34.0,0,0,0,0,0,0,0,0,0,1.6471,2017,transient,Market,bulk minerals
MD,15,WV,1120660647.3,59,2057592358.5,97,0.5446,198.0,0,0,0,0,0,0,0,0,0,2.0606,2017,transient,Market,bulk minerals
MD,25,PA,115475785.2,77,121792199.8,85,0.9481,68.0,0,0,0,0,0,0,0,0,0,3.2868,2017,transient,Market,wood and paper
MD,28,PA,586214671.3,187,1136827758.2,782,0.5157,94.0,1,1,2,0,0,1,0,0,1,0.0,2017,transient,Market,wood and paper
MD,41,VA,127347149.4,86,157587835.1,107,0.8081,51.0,0,0,2,0,0,1,0,0,1,0.7647,2017,transient,Market,scrap and mixed
ME,02,VT,7165507.6,18,9317183.0,24,0.7691,180.0,1,1,3,1,1,3,0,0,2,0.0,2017,transient,Market,farm and food
ME,11,IL,10300095.9,6,14089089.9,22,0.7311,1123.0,14,23,27,11,19,22,6,13,16,0.0,2017,transient,Market,bulk minerals
ME,12,VT,15319183.2,15,15406301.6,17,0.9943,137.0,0,0,1,0,0,0,0,0,0,0.5255,2017,transient,Market,bulk minerals
ME,14,CA,1620676.8,1,2030508.6,3,0.7982,2618.0,31,31,32,31,31,32,28,28,29,0.0,2017,transient,Market,bulk minerals
ME,17,RI,25087715.0,2,49808214.4,7,0.5037,211.5,4,4,7,4,4,7,1,1,4,0.0,2017,transient,Market,fuels
ME,18,NH,577465860.9,23,582852883.9,26,0.9908,7.0,0,0,0,0,0,0,0,0,0,18.4286,2017,persistent,Market,fuels
ME,19,MA,551539101.1,17,650889877.7,84,0.8474,249.0,0,0,2,0,0,2,0,0,1,0.4337,2017,transient,Market,fuels
ME,22,TN,32537843.3,11,59893882.9,34,0.5433,1199.0,17,26,34,15,22,29,11,18,24,0.0,2017,transient,Market,chemicals
MI,02,WI,198551964.7,16,282719179.2,56,0.7023,71.0,1,1,1,1,1,1,1,1,1,0.0,2017,transient,Sustainer,farm and food
MI,09,NC,372567978.3,12,736331730.1,148,0.506,574.0,7,7,9,4,4,5,2,2,3,0.0,2017,transient,Sustainer,farm and food
MI,11,IL,55599189.1,65,99599269.1,160,0.5582,284.0,1,1,7,0,0,5,0,0,1,0.0,2017,transient,Sustainer,bulk minerals
MI,14,MN,232235464.0,6,418497288.3,132,0.5549,646.0,5,7,9,2,2,2,1,1,1,0.0,2017,persistent,Sustainer,bulk minerals
MI,15,WY,168135717.8,26,289574895.4,63,0.5806,973.0,8,10,12,6,8,8,5,5,5,0.0,2017,transient,Sustainer,bulk minerals
MI,17,IN,1812213054.5,60,2971243923.6,222,0.6099,74.0,0,0,0,0,0,0,0,0,0,2.25,2017,transient,Sustainer,fuels
MN,04,IA,1737285936.3,598,2831663661.9,1488,0.6135,108.0,0,0,0,0,0,0,0,0,0,1.1667,2017,transient,Router,farm and food
MN,11,WI,195453421.2,155,251989178.7,183,0.7756,239.0,0,0,2,0,0,1,0,0,0,0.5481,2017,persistent,Router,bulk minerals
MN,12,WI,127248251.5,149,211716651.9,423,0.601,58.0,1,1,1,0,0,0,0,0,0,0.0,2017,persistent,Router,bulk minerals
MN,15,WY,95672606.6,14,171053090.8,42,0.5593,623.0,3,7,12,3,7,10,2,3,5,0.0,2017,transient,Router,bulk minerals
MN,17,ND,800945725.9,57,1142337002.6,170,0.7011,106.0,2,3,3,1,1,1,1,1,1,0.0,2017,transient,Router,fuels
MO,11,KS,25455491.3,42,41088779.1,97,0.6195,25.0,0,0,0,0,0,0,0,0,0,1.52,2017,transient,Generalist,bulk minerals
MO,14,NY,103611931.9,12,127400956.1,47,0.8133,943.5,13,15,18,9,11,14,1,2,3,0.0,2017,transient,Generalist,bulk minerals
MO,15,WY,386242657.8,51,398333685.1,72,0.9696,836.0,6,6,7,5,5,5,2,2,2,0.0,2017,transient,Generalist,bulk minerals
MO,17,IL,1179652908.3,34,2067143364.1,139,0.5707,13.0,0,0,0,0,0,0,0,0,0,11.5385,2017,transient,Generalist,fuels
MS,15,CO,24509261.3,3,24541211.3,4,0.9987,1223.0,11,13,14,10,12,13,9,11,12,0.0,2017,transient,Sustainer,bulk minerals
MS,17,LA,2840525399.4,64,4177125001.5,152,0.68,85.0,0,0,0,0,0,0,0,0,0,4.0353,2017,persistent,Sustainer,fuels
MS,18,LA,2687984455.7,37,3226724670.1,128,0.833,58.0,0,0,0,0,0,0,0,0,0,6.3793,2017,persistent,Sustainer,fuels
MS,22,TN,367709583.0,65,478009392.1,154,0.7693,55.0,0,0,0,0,0,0,0,0,0,1.5273,2017,transient,Sustainer,chemicals
MS,25,GA,55890995.6,13,92536606.5,40,0.604,397.0,3,3,8,3,3,7,0,0,1,0.0,2017,transient,Sustainer,wood and paper
MT,09,IL,215606531.5,4,227782706.5,18,0.9465,1257.0,3,7,14,2,5,9,0,1,5,0.0,2017,transient,Sustainer,farm and food
MT,10,WI,842674.5,1,1253156.0,5,0.6724,1269.0,12,17,30,12,17,30,11,16,28,0.0,2017,transient,Sustainer,bulk minerals
MT,15,WY,955047.8,1,955047.8,1,1.0,224.0,0,1,2,0,1,2,0,1,2,0.0893,2017,transient,Sustainer,bulk minerals
MT,17,SD,55799400.9,26,76406286.5,33,0.7303,738.5,7,10,20,6,9,19,3,6,15,0.0,2017,transient,Sustainer,fuels
MT,18,ND,29148964.8,10,38826279.8,14,0.7508,192.0,1,1,1,0,0,0,0,0,0,0.0,2017,transient,Sustainer,fuels
MT,19,CO,444273489.2,4,602518254.2,101,0.7374,451.0,1,1,4,0,0,2,0,0,0,0.0,2017,transient,Sustainer,fuels
MT,20,CA,454703097.5,37,805819295.5,292,0.5643,962.0,10,13,34,7,9,30,2,3,18,0.0,2017,transient,Sustainer,chemicals
MT,25,OR,6888210.0,4,7074415.4,5,0.9737,513.0,0,2,2,0,2,2,0,1,1,0.0858,2017,transient,Sustainer,wood and paper
MT,40,WA,2043952488.6,111,3986723158.2,1821,0.5127,442.0,0,1,5,0,1,2,0,0,0,0.1652,2017,transient,Sustainer,other manufactured
NC,09,TN,787303220.8,54,1073242962.5,282,0.7336,554.0,2,4,4,1,2,2,0,0,0,0.0,2017,transient,Router,farm and food
NC,11,TX,85406075.6,98,159147976.3,336,0.5366,1044.0,14,14,15,6,6,7,2,2,2,0.0,2017,transient,Router,bulk minerals
NC,12,TN,77605802.5,67,154903893.2,229,0.501,208.0,1,1,4,0,0,1,0,0,0,0.0,2017,transient,Router,bulk minerals
NC,17,IN,1290982186.3,32,2312087472.4,170,0.5584,519.0,5,8,15,1,4,8,0,2,5,0.0,2017,transient,Router,fuels
NC,25,GA,43953282.6,26,61227899.4,39,0.7179,280.0,0,1,5,0,1,4,0,0,2,0.2179,2017,transient,Router,wood and paper
ND,02,MN,893655001.2,120,1150860150.4,166,0.7765,12.0,0,0,0,0,0,0,0,0,0,20.3333,2017,persistent,Sustainer,farm and food
ND,09,NC,6472233.6,5,11405467.3,17,0.5675,1344.0,24,28,28,22,26,26,18,22,22,0.0,2017,transient,Sustainer,farm and food
ND,11,WI,37743791.5,58,68789661.9,122,0.5487,568.0,1,3,9,1,3,7,0,1,2,0.0,2017,transient,Sustainer,bulk minerals
ND,12,MT,11727325.3,52,20329410.4,98,0.5769,93.0,1,1,1,0,0,0,0,0,0,0.0,2017,transient,Sustainer,bulk minerals
ND,14,AR,3647217.0,1,6233924.4,6,0.5851,1202.0,18,30,32,18,28,30,18,27,29,0.0,2017,transient,Sustainer,bulk minerals
ND,15,MT,13806404.0,11,14495571.6,12,0.9525,502.0,1,2,9,1,2,9,1,2,8,0.0,2017,transient,Sustainer,bulk minerals
ND,17,SD,64722564.7,34,122692523.0,53,0.5275,274.5,1,2,6,1,1,5,1,1,4,0.0,2017,transient,Sustainer,fuels
ND,19,MN,618535975.0,69,847675724.0,142,0.7297,234.0,0,0,1,0,0,0,0,0,0,0.5983,2017,transient,Sustainer,fuels
ND,25,KY,52738476.0,38,52738476.0,38,1.0,1141.0,6,11,12,4,8,9,0,2,3,0.0,2017,transient,Sustainer,wood and paper
ND,26,MN,231895645.3,183,431823192.5,383,0.537,191.0,1,1,3,0,0,2,0,0,1,0.0,2017,transient,Sustainer,wood and paper
ND,41,MN,127831309.2,45,142272759.1,52,0.8985,493.0,3,5,15,1,3,11,0,0,4,0.0,2017,transient,Sustainer,scrap and mixed
NE,09,MO,56546972.2,12,92873835.1,39,0.6089,124.5,0,0,0,0,0,0,0,0,0,2.3976,2017,transient,Generalist,farm and food
NE,10,MN,22278824.2,42,26493187.7,52,0.8409,235.0,0,1,3,0,0,1,0,0,1,0.0894,2017,transient,Generalist,bulk minerals
NE,12,IA,56505444.7,40,69211823.3,108,0.8164,68.5,0,0,0,0,0,0,0,0,0,4.2263,2017,transient,Generalist,bulk minerals
NE,15,WY,56424579.5,12,56424579.5,12,1.0,441.0,2,2,8,2,2,8,2,2,5,0.0,2017,persistent,Generalist,bulk minerals
NE,17,TX,70018030.6,1,131842455.9,46,0.5311,614.0,12,20,34,12,19,30,9,16,25,0.0,2017,transient,Generalist,fuels
NE,18,TX,749555042.8,12,849554111.8,51,0.8823,616.0,4,4,8,1,1,3,0,0,1,0.0,2017,transient,Generalist,fuels
NE,25,AR,533258.3,1,642166.3,3,0.8304,462.0,5,6,15,5,6,15,4,5,14,0.0,2017,transient,Generalist,wood and paper
NH,02,VT,3106561.2,8,5003135.0,13,0.6209,80.0,1,1,1,1,1,1,1,1,1,0.0,2017,transient,Market,farm and food
NH,10,ME,17174806.3,23,31902895.7,45,0.5383,111.0,3,3,3,3,3,3,0,0,0,0.0,2017,transient,Market,bulk minerals
NH,12,ME,3310162.6,33,6509356.3,50,0.5085,5.0,0,0,0,0,0,0,0,0,0,4.4,2017,transient,Market,bulk minerals
NH,15,TN,788405.7,1,788405.7,1,1.0,888.0,8,10,12,8,10,12,8,10,12,0.0,2017,transient,Market,bulk minerals
NH,17,MA,7918887859.9,165,8434788730.4,234,0.9388,45.0,0,0,0,0,0,0,0,0,0,16.2556,2017,persistent,Market,fuels
NH,18,MA,139053037.0,49,188748340.8,82,0.7367,20.0,0,0,0,0,0,0,0,0,0,3.5,2017,persistent,Market,fuels
NH,21,MA,4446299375.0,124,5883388571.4,492,0.7557,56.5,0,0,1,0,0,1,0,0,0,0.7699,2017,persistent,Market,chemicals
NH,22,VT,33815856.0,8,56483625.3,33,0.5987,33.0,0,1,1,0,1,1,0,1,1,0.2121,2017,transient,Market,chemicals
NH,41,MA,6027571.6,3,7854376.9,9,0.7674,83.0,1,1,2,1,1,2,1,1,1,0.0,2017,transient,Market,scrap and mixed
NJ,02,ND,52297834.4,1,66002145.3,26,0.7924,1353.0,22,24,30,19,21,25,16,18,19,0.0,2017,transient,Generalist,farm and food
NJ,03,NY,2823200015.9,225,4669039633.5,880,0.6047,28.0,0,0,0,0,0,0,0,0,0,18.7143,2017,persistent,Generalist,farm and food
NJ,04,PA,715168177.0,154,1369899546.2,423,0.5221,106.5,1,1,1,0,0,0,0,0,0,0.0,2017,transient,Generalist,farm and food
NJ,11,NY,21633888.3,35,36393661.3,67,0.5944,57.0,1,1,1,0,0,0,0,0,0,0.0,2017,transient,Generalist,bulk minerals
NJ,12,PA,48496635.1,316,90424390.0,384,0.5363,51.0,0,0,0,0,0,0,0,0,0,3.2941,2017,transient,Generalist,bulk minerals
NJ,13,PA,277352164.4,51,482863648.5,272,0.5744,58.0,0,0,0,0,0,0,0,0,0,2.1552,2017,transient,Generalist,bulk minerals
NJ,15,PA,8035588.4,8,8523154.8,12,0.9428,115.0,0,1,1,0,1,1,0,1,1,0.2435,2017,transient,Generalist,bulk minerals
NJ,18,PA,1260528160.8,16,1312548207.6,36,0.9604,70.0,0,0,0,0,0,0,0,0,0,1.6857,2017,transient,Generalist,fuels
NM,02,TX,53515647.4,25,78940850.2,60,0.6779,117.0,0,0,1,0,0,1,0,0,1,0.547,2017,transient,Market,farm and food
NM,08,CA,280808270.9,37,448500910.7,95,0.6261,890.0,4,9,17,3,8,16,2,4,10,0.0,2017,transient,Market,farm and food
NM,10,AZ,13085539.9,5,20105574.7,14,0.6508,377.0,1,1,4,1,1,3,0,0,2,0.0,2017,transient,Market,bulk minerals
NM,12,TX,1208459.0,2,2168340.6,6,0.5573,388.0,2,3,7,2,2,6,2,2,6,0.0,2017,transient,Market,bulk minerals
NM,13,MN,182024223.6,2,218752043.3,36,0.8321,941.0,6,12,21,4,5,11,0,0,1,0.0,2017,transient,Market,bulk minerals
NM,14,TX,175800.4,1,175800.4,1,1.0,300.0,0,2,3,0,2,3,0,2,3,0.08,2017,transient,Market,bulk minerals
NM,15,CO,22758227.3,70,22767664.7,71,0.9996,127.0,0,0,0,0,0,0,0,0,0,2.7953,2017,persistent,Market,bulk minerals
NM,17,TX,308872437.9,29,396062634.8,35,0.7799,141.0,0,0,0,0,0,0,0,0,0,1.4681,2017,transient,Market,fuels
NM,18,TX,702290657.5,15,707286869.1,18,0.9929,141.0,0,0,0,0,0,0,0,0,0,2.6596,2017,persistent,Market,fuels
NM,19,TX,348178970.4,73,545907436.3,121,0.6378,99.0,0,0,0,0,0,0,0,0,0,2.4596,2017,transient,Market,fuels
NM,21,AZ,2136883131.2,139,3335287699.3,474,0.6407,337.0,2,2,4,1,1,2,1,1,1,0.0,2017,persistent,Market,chemicals
NM,24,TX,942973590.7,278,1416104685.8,913,0.6659,153.0,0,0,1,0,0,1,0,0,0,0.5425,2017,transient,Market,chemicals
NM,25,OR,1038332.7,1,1622480.8,3,0.64,934.0,8,11,26,7,10,25,6,9,20,0.0,2017,transient,Market,wood and paper
NM,32,TX,482307484.4,148,873987004.0,398,0.5518,157.0,0,0,0,0,0,0,0,0,0,1.1465,2017,transient,Market,metals and minerals
NM,41,CO,2168967.7,8,2168967.7,8,1.0,194.0,0,0,2,0,0,2,0,0,2,0.3866,2017,transient,Market,scrap and mixed
NM,43,TX,3471800216.2,416,5862288653.0,1322,0.5922,294.5,0,2,4,0,1,3,0,0,0,0.1239,2017,transient,Market,scrap and mixed
NV,03,CA,251713467.9,161,424329166.0,268,0.5932,169.0,0,0,2,0,0,1,0,0,1,0.5207,2017,transient,Specialist,farm and food
NV,08,CA,457028498.6,112,777150113.0,224,0.5881,308.0,0,1,1,0,0,0,0,0,0,0.1526,2017,transient,Specialist,farm and food
NV,10,CA,19630480.2,3,24588792.1,15,0.7984,217.0,1,1,2,1,1,1,0,0,0,0.0,2017,transient,Specialist,bulk minerals
NV,11,CA,38883741.1,36,40870106.5,44,0.9514,180.0,0,0,1,0,0,0,0,0,0,0.5556,2017,transient,Specialist,bulk minerals
NV,12,AZ,3593000.3,14,5969727.5,30,0.6019,458.0,2,2,5,2,2,5,1,1,3,0.0,2017,transient,Specialist,bulk minerals
NV,13,CA,51840971.8,45,95701845.5,236,0.5417,126.0,0,0,0,0,0,0,0,0,0,1.6984,2017,transient,Specialist,bulk minerals
NV,14,KY,9365488.0,1,18540763.4,9,0.5051,1692.0,17,21,28,17,21,28,16,18,24,0.0,2017,transient,Specialist,bulk minerals
NV,15,WY,56935491.6,3,64305547.2,4,0.8854,438.0,1,2,4,1,2,4,0,0,2,0.0,2017,transient,Specialist,bulk minerals
NV,17,CA,808778287.6,3,901436984.7,24,0.8972,12.0,0,0,0,0,0,0,0,0,0,61.1667,2017,transient,Specialist,fuels
NV,18,CA,107547333.4,44,160890283.4,59,0.6685,10.0,0,0,0,0,0,0,0,0,0,63.3,2017,transient,Specialist,fuels
NV,19,CA,325022227.7,43,542718256.5,149,0.5989,195.0,0,1,1,0,1,1,0,0,0,0.1744,2017,transient,Specialist,fuels
NV,21,CA,6299044528.3,224,7859329185.4,588,0.8015,222.0,0,1,1,0,0,0,0,0,0,0.1396,2017,persistent,Specialist,chemicals
NV,22,CA,104461480.7,33,168849090.6,62,0.6187,190.0,0,1,2,0,1,2,0,0,1,0.1947,2017,persistent,Specialist,chemicals
NV,25,CA,615572.4,13,615572.4,13,1.0,18.0,0,0,0,0,0,0,0,0,0,23.8889,2017,transient,Specialist,wood and paper
NV,27,CA,359879439.1,92,620776087.3,277,0.5797,219.0,0,0,0,0,0,0,0,0,0,1.2146,2017,transient,Specialist,wood and paper
NV,31,CA,384468804.7,240,660838365.5,509,0.5818,188.0,0,1,2,0,1,1,0,0,0,0.0691,2017,transient,Specialist,metals and minerals
NV,37,TX,2870053084.4,10,2983575243.6,116,0.962,1054.0,3,4,10,3,4,7,2,2,3,0.0,2017,transient,Specialist,machinery and vehicles
NV,39,CA,595304533.5,226,1145182217.0,762,0.5198,214.0,0,1,2,0,0,1,0,0,0,0.1822,2017,transient,Specialist,other manufactured
NV,43,CA,4385906898.0,870,7634899867.3,1898,0.5745,202.0,0,1,2,0,0,1,0,0,0,0.2079,2017,transient,Specialist,scrap and mixed
NY,09,NJ,433644163.0,9,785491414.7,274,0.5521,53.0,0,0,1,0,0,1,0,0,1,0.8868,2017,transient,Engine,farm and food
NY,18,MA,714077906.3,89,1257905376.3,246,0.5677,157.0,2,3,4,1,1,1,0,0,0,0.0,2017,transient,Engine,fuels
NY,25,PA,129629307.1,170,146344639.1,192,0.8858,157.0,0,0,0,0,0,0,0,0,0,2.2293,2017,transient,Engine,wood and paper
OH,02,MN,262074519.1,9,386124860.1,122,0.6787,808.0,13,15,18,9,10,13,6,7,8,0.0,2017,transient,Engine,farm and food
OH,15,WV,1493301900.4,153,1629371319.0,234,0.9165,112.0,0,0,1,0,0,0,0,0,0,1.0,2017,transient,Engine,bulk minerals
OH,25,MI,111807710.1,10,145054541.5,53,0.7708,393.0,3,3,7,1,1,3,0,0,0,0.0,2017,transient,Engine,wood and paper
OK,02,KS,368496651.6,145,416005060.3,167,0.8858,78.0,0,0,0,0,0,0,0,0,0,1.891,2017,transient,Sustainer,farm and food
OK,09,TX,97606866.3,21,168220764.5,87,0.5802,181.0,0,0,1,0,0,1,0,0,1,0.8508,2017,transient,Sustainer,farm and food
OK,12,AR,43949124.3,46,57271379.0,95,0.7674,308.0,0,1,4,0,0,3,0,0,0,0.2386,2017,transient,Sustainer,bulk minerals
OK,15,WY,81837301.4,19,82199863.6,20,0.9956,766.0,5,8,12,5,8,12,3,4,7,0.0,2017,persistent,Sustainer,bulk minerals
OK,17,TX,5523684880.0,46,5870449879.1,248,0.9409,311.0,0,0,3,0,0,1,0,0,0,0.5434,2017,transient,Sustainer,fuels
OK,18,TX,3916001323.1,63,4133202905.0,184,0.9474,311.0,0,0,1,0,0,0,0,0,0,0.4759,2017,transient,Sustainer,fuels
OK,19,TX,1342073033.5,101,1546146320.1,238,0.868,223.0,0,0,1,0,0,1,0,0,1,0.9821,2017,transient,Sustainer,fuels
OK,22,TX,102409982.3,23,172414977.8,111,0.594,322.0,2,5,10,1,4,9,0,1,4,0.0,2017,transient,Sustainer,chemicals
OK,25,AR,121896558.3,25,154500524.6,39,0.789,107.0,1,1,1,0,0,0,0,0,0,0.0,2017,transient,Sustainer,wood and paper
OK,33,TX,3126176140.3,621,5595139922.1,2335,0.5587,395.0,2,2,10,0,0,3,0,0,0,0.0,2017,transient,Sustainer,metals and minerals
OK,41,MO,225612216.2,81,404508334.5,278,0.5577,236.0,2,3,6,2,2,3,1,1,2,0.0,2017,transient,Sustainer,scrap and mixed
OR,02,MT,635534959.3,153,891566430.6,209,0.7128,577.0,0,0,0,0,0,0,0,0,0,1.0451,2017,transient,Generalist,farm and food
OR,06,WA,983416547.6,182,1778072956.2,480,0.5531,130.0,0,0,0,0,0,0,0,0,0,3.1,2017,transient,Generalist,farm and food
OR,08,CA,316316794.4,86,577382052.4,217,0.5478,512.0,1,2,3,1,1,2,0,0,1,0.0,2017,persistent,Generalist,farm and food
OR,10,WA,63125182.8,4,82960946.8,18,0.7609,181.0,0,0,0,0,0,0,0,0,0,3.6575,2017,transient,Generalist,bulk minerals
OR,12,WA,60938911.8,92,81539641.2,106,0.7474,37.0,0,0,0,0,0,0,0,0,0,26.027,2017,transient,Generalist,bulk minerals
OR,14,NV,287516813.0,53,306460595.4,72,0.9382,484.0,0,0,1,0,0,1,0,0,0,0.2696,2017,transient,Generalist,bulk minerals
OR,15,WY,7593733.4,1,7993994.8,2,0.9499,709.0,2,2,4,2,2,4,2,2,4,0.0,2017,transient,Generalist,bulk minerals
OR,17,WA,728212161.6,71,1179865213.4,187,0.6172,54.0,0,0,0,0,0,0,0,0,0,8.4074,2017,transient,Generalist,fuels
OR,18,WA,542327922.8,53,582589454.3,65,0.9309,54.0,0,0,0,0,0,0,0,0,0,25.3704,2017,persistent,Generalist,fuels
OR,21,WA,4605845210.8,533,7897473153.8,1170,0.5832,122.0,0,0,0,0,0,0,0,0,0,1.877,2017,transient,Generalist,chemicals
OR,41,WA,79193117.8,103,156815299.9,169,0.505,149.0,0,0,0,0,0,0,0,0,0,1.4899,2017,transient,Generalist,scrap and mixed
OR,43,WA,4314199578.2,1229,7597948053.0,2416,0.5678,135.0,0,0,0,0,0,0,0,0,0,3.6074,2017,persistent,Generalist,scrap and mixed
PA,15,WV,1095260701.8,138,1272919376.0,175,0.8604,52.0,0,0,0,0,0,0,0,0,0,4.5577,2017,persistent,Engine,bulk minerals
RI,02,MA,5560693.4,5,8952245.4,6,0.6212,48.0,0,0,0,0,0,0,0,0,0,2.0208,2017,transient,Generalist,farm and food
RI,09,PA,18953960.6,6,28212881.1,28,0.6718,220.5,2,2,5,2,2,5,1,1,4,0.0,2017,transient,Generalist,farm and food
RI,10,MA,13431029.9,10,14109646.4,17,0.9519,65.5,0,0,0,0,0,0,0,0,0,1.3206,2017,transient,Generalist,bulk minerals
RI,12,MA,1611835.0,12,2792686.6,26,0.5772,12.5,0,0,1,0,0,1,0,0,1,1.0,2017,transient,Generalist,bulk minerals
RI,14,CT,5437707.2,1,6478354.7,14,0.8394,72.0,1,2,2,0,1,1,0,1,1,0.0,2017,transient,Generalist,bulk minerals
RI,17,DE,1000431.0,1,1000431.0,1,1.0,263.0,7,9,10,7,9,10,7,9,10,0.0,2017,transient,Generalist,fuels
RI,18,MA,125317659.8,37,205725547.8,41,0.6091,9.0,0,0,0,0,0,0,0,0,0,8.8889,2017,transient,Generalist,fuels
RI,19,PA,70538828.2,16,109061505.1,77,0.6468,255.0,5,6,8,3,4,6,2,2,2,0.0,2017,transient,Generalist,fuels
RI,21,CT,1293506168.9,33,1981816827.7,223,0.6527,64.0,1,1,2,1,1,1,1,1,1,0.0,2017,transient,Generalist,chemicals
RI,22,MA,15737606.4,11,30348916.9,24,0.5186,70.0,1,1,2,0,0,1,0,0,1,0.0,2017,transient,Generalist,chemicals
RI,25,PA,1795849.9,2,2917785.6,13,0.6155,273.5,6,7,8,4,4,5,2,2,2,0.0,2017,transient,Generalist,wood and paper
RI,27,MA,137442784.3,36,272662926.3,113,0.5041,26.0,0,0,0,0,0,0,0,0,0,2.2308,2017,transient,Generalist,wood and paper
RI,37,ME,64034734.4,2,82416495.2,34,0.777,248.0,6,8,10,6,8,10,5,6,8,0.0,2017,transient,Generalist,machinery and vehicles
RI,41,MA,200186259.3,59,310324425.6,140,0.6451,44.0,0,0,2,0,0,1,0,0,0,0.5,2017,transient,Generalist,scrap and mixed
SC,02,OH,220503967.2,1,438488166.8,57,0.5029,425.0,3,3,10,3,3,8,0,0,3,0.0,2017,transient,Sustainer,farm and food
SC,09,NC,202592020.7,46,292066967.4,108,0.6936,139.5,0,0,0,0,0,0,0,0,0,1.1577,2017,transient,Sustainer,farm and food
SC,11,IL,158701414.1,33,252381715.7,174,0.6288,554.0,2,4,7,0,0,2,0,0,1,0.0,2017,transient,Sustainer,bulk minerals
SC,14,TN,329176574.3,21,433511129.0,66,0.7593,321.0,0,1,3,0,0,0,0,0,0,0.0436,2017,transient,Sustainer,bulk minerals
SC,15,KY,495934881.0,12,573082374.8,42,0.8654,332.0,1,2,4,0,1,1,0,1,1,0.0,2017,transient,Sustainer,bulk minerals
SC,17,NC,806093776.6,170,1612077181.1,227,0.5,89.0,0,0,0,0,0,0,0,0,0,2.382,2017,transient,Sustainer,fuels
SC,19,NJ,958925110.3,4,1771641241.3,524,0.5413,517.0,4,7,13,1,2,7,0,0,2,0.0,2017,transient,Sustainer,fuels
SC,22,NC,199975779.2,63,306244422.6,159,0.653,76.0,0,0,1,0,0,1,0,0,0,0.625,2017,transient,Sustainer,chemicals
SC,26,NC,1441108042.8,868,2684399979.4,1981,0.5368,127.0,1,1,2,1,1,2,0,0,0,0.0,2017,transient,Sustainer,wood and paper
SC,37,TX,2779176179.0,24,4671855322.0,497,0.5949,981.0,8,9,10,3,4,5,0,0,0,0.0,2017,transient,Sustainer,machinery and vehicles
SD,02,ND,182382984.5,88,196003891.1,117,0.9305,58.0,1,1,1,1,1,1,1,1,1,0.0,2017,transient,Specialist,farm and food
SD,03,MN,487894110.2,22,705606927.4,111,0.6915,232.0,1,3,6,1,3,4,1,2,2,0.0,2017,transient,Specialist,farm and food
SD,06,NE,124318327.1,20,183474807.5,75,0.6776,251.5,2,3,9,2,3,8,1,1,6,0.0,2017,transient,Specialist,farm and food
SD,09,PA,15194957.6,4,30102569.2,25,0.5048,1293.0,22,26,26,19,23,23,15,19,19,0.0,2017,transient,Specialist,farm and food
SD,10,OH,16950360.0,1,18962681.7,17,0.8939,794.0,8,11,22,6,7,17,3,3,7,0.0,2017,transient,Specialist,bulk minerals
SD,11,KS,11577999.0,3,13893841.0,16,0.8333,326.0,3,3,8,2,2,7,2,2,6,0.0,2017,transient,Specialist,bulk minerals
SD,12,IA,10503606.9,23,18882370.2,85,0.5563,21.0,1,1,1,0,0,0,0,0,0,0.0,2017,transient,Specialist,bulk minerals
SD,14,WI,11190541.1,3,12416592.1,4,0.9013,449.0,4,5,15,4,5,15,4,5,15,0.0,2017,transient,Specialist,bulk minerals
SD,15,WY,16124834.3,49,16124834.3,49,1.0,114.0,0,0,0,0,0,0,0,0,0,1.5351,2017,persistent,Specialist,bulk minerals
SD,17,IA,138602763.3,38,160803637.7,48,0.8619,15.0,0,0,0,0,0,0,0,0,0,8.0667,2017,transient,Specialist,fuels
SD,18,ND,32142263.0,11,39922239.8,15,0.8051,201.0,2,2,4,2,2,4,2,2,4,0.0,2017,transient,Specialist,fuels
SD,22,IA,358169836.2,101,460821184.5,169,0.7772,185.0,0,0,0,0,0,0,0,0,0,1.0189,2017,transient,Specialist,chemicals
SD,25,WA,11570857.4,6,11570857.4,6,1.0,925.0,10,15,19,8,11,14,7,10,13,0.0,2017,transient,Specialist,wood and paper
TN,09,NC,1660755037.3,36,1987866476.4,253,0.8354,388.0,0,0,2,0,0,1,0,0,0,0.7139,2017,transient,Sustainer,farm and food
TN,14,FL,63991220.5,47,85370057.6,70,0.7496,540.0,9,10,16,7,7,12,3,3,6,0.0,2017,transient,Sustainer,bulk minerals
TN,15,KY,327377701.6,127,456326312.1,152,0.7174,199.0,2,2,4,2,2,3,1,1,1,0.0,2017,persistent,Sustainer,bulk minerals
TN,17,LA,2599784373.6,2,3641959112.9,280,0.7138,519.0,3,4,8,2,2,5,0,0,0,0.0,2017,transient,Sustainer,fuels
TN,25,GA,44249878.2,14,82264152.0,86,0.5379,147.0,1,2,3,1,2,3,0,0,0,0.0,2017,transient,Sustainer,wood and paper
TX,12,AR,105053149.0,57,207793792.7,351,0.5056,282.0,0,0,0,0,0,0,0,0,0,1.0745,2017,transient,Engine,bulk minerals
TX,15,WY,552011830.5,154,622604726.2,169,0.8866,1076.0,2,5,5,2,2,2,1,1,1,0.0,2017,persistent,Engine,bulk minerals
TX,18,LA,2491728054.7,23,4099486211.1,247,0.6078,123.0,0,0,0,0,0,0,0,0,0,,2017,persistent,Engine,fuels
TX,19,LA,5301461809.8,200,8946657825.6,1498,0.5926,284.0,0,0,0,0,0,0,0,0,0,,2017,transient,Engine,fuels
UT,02,ID,64589742.4,131,89622603.4,145,0.7207,130.0,0,0,0,0,0,0,0,0,0,1.8846,2017,transient,Generalist,farm and food
UT,03,CA,752370725.4,164,1211674933.9,345,0.6209,595.0,3,5,15,2,4,11,0,0,1,0.0,2017,transient,Generalist,farm and food
UT,09,CA,40574473.2,14,66604668.7,42,0.6092,586.0,0,1,4,0,0,3,0,0,3,0.1689,2017,transient,Generalist,farm and food
UT,10,WA,14779169.0,5,24311449.9,17,0.6079,687.0,5,5,11,3,3,8,2,2,5,0.0,2017,transient,Generalist,bulk minerals
UT,11,CA,34001232.8,8,45713942.7,16,0.7438,542.0,1,1,7,0,0,6,0,0,2,0.0,2017,transient,Generalist,bulk minerals
UT,12,CA,3385066.4,25,4047588.2,37,0.8363,350.0,1,2,5,1,2,5,1,1,3,0.0,2017,transient,Generalist,bulk minerals
UT,14,NV,334236312.6,7,349393735.4,23,0.9566,286.0,0,0,1,0,0,0,0,0,0,0.3112,2017,transient,Generalist,bulk minerals
UT,15,CO,132648260.8,27,132950671.5,33,0.9977,119.0,0,0,0,0,0,0,0,0,0,1.3277,2017,persistent,Generalist,bulk minerals
UT,17,TX,2425614596.1,32,2847536167.9,62,0.8518,1207.0,2,6,8,1,4,5,0,1,1,0.0,2017,transient,Generalist,fuels
UT,18,NV,11733475.6,21,19712218.4,23,0.5952,242.0,1,2,3,1,1,2,0,0,1,0.0,2017,transient,Generalist,fuels
UT,19,CA,467767953.7,32,591082923.2,182,0.7914,577.0,1,1,6,1,1,4,1,1,2,0.0,2017,transient,Generalist,fuels
UT,25,CO,15645876.8,2,17242342.1,5,0.9074,482.5,0,0,2,0,0,1,0,0,1,0.2912,2017,transient,Generalist,wood and paper
UT,37,TX,5038762031.2,42,5632353416.9,370,0.8946,986.0,4,4,7,2,2,3,0,0,0,0.0,2017,transient,Generalist,machinery and vehicles
VA,09,PA,1236103046.8,117,1818502163.7,357,0.6797,228.0,2,2,2,2,2,2,1,1,1,0.0,2017,transient,Generalist,farm and food
VA,14,UT,147913295.2,17,271448876.6,59,0.5449,1930.0,13,16,16,9,10,10,2,3,3,0.0,2017,transient,Generalist,bulk minerals
VA,15,WV,1692076803.0,76,2213502984.1,192,0.7644,142.0,1,1,1,0,0,0,0,0,0,0.0,2017,persistent,Generalist,bulk minerals
VA,17,LA,998148831.2,2,1639637063.9,89,0.6088,973.5,13,17,18,9,9,10,4,4,5,0.0,2017,transient,Generalist,fuels
VT,02,NY,5928425.7,5,5938478.7,6,0.9983,68.0,0,0,1,0,0,1,0,0,0,0.9412,2017,transient,Specialist,farm and food
VT,07,NJ,936315439.5,23,1561390621.4,355,0.5997,275.0,5,6,9,3,4,6,2,3,5,0.0,2017,transient,Specialist,farm and food
VT,11,NM,667117.5,2,1253470.3,14,0.5322,1897.0,33,36,38,33,36,38,31,33,35,0.0,2017,transient,Specialist,bulk minerals
VT,14,NJ,5265993.9,1,9816381.1,16,0.5364,214.0,4,4,5,3,3,4,3,3,4,0.0,2017,transient,Specialist,bulk minerals
VT,15,PA,2312642.1,2,2312642.1,2,1.0,304.0,0,0,4,0,0,4,0,0,4,0.3388,2017,transient,Specialist,bulk minerals
VT,17,MA,237796326.2,22,451619533.8,65,0.5265,130.0,2,2,3,1,1,2,0,0,0,0.0,2017,transient,Specialist,fuels
VT,18,NH,182518681.3,70,296597011.8,170,0.6154,18.0,1,1,1,1,1,1,1,1,1,0.0,2017,transient,Specialist,fuels
VT,21,MA,947729186.3,45,1528625109.6,233,0.62,131.0,2,3,3,1,2,2,1,2,2,0.0,2017,persistent,Specialist,chemicals
VT,22,NY,19489022.5,10,25653067.4,15,0.7597,68.0,1,1,1,1,1,1,1,1,1,0.0,2017,transient,Specialist,chemicals
VT,25,PA,13191505.6,6,17545228.3,22,0.7519,299.0,2,2,3,1,1,2,0,0,1,0.0,2017,transient,Specialist,wood and paper
VT,35,NY,1589895336.0,122,2750251379.5,765,0.5781,202.0,4,4,7,3,3,5,2,2,4,0.0,2017,transient,Specialist,machinery and vehicles
VT,41,OH,457167.2,2,892418.0,3,0.5123,647.0,12,17,31,12,17,31,12,17,31,0.0,2017,transient,Specialist,scrap and mixed
WA,02,MN,1651467965.1,101,3118635776.1,392,0.5295,1292.0,3,5,8,0,0,1,0,0,0,0.0,2017,transient,Router,farm and food
WA,08,CA,854908734.4,166,1436919040.5,469,0.595,664.0,0,0,1,0,0,1,0,0,0,0.4985,2017,transient,Router,farm and food
WA,09,NC,224272386.2,6,360365566.4,93,0.6223,2317.5,10,14,14,6,9,9,1,4,4,0.0,2017,transient,Router,farm and food
WA,11,CA,29725058.9,7,54362841.6,25,0.5468,971.0,0,1,11,0,0,9,0,0,4,0.137,2017,transient,Router,bulk minerals
WA,12,OR,6325208.1,109,9617192.9,131,0.6577,22.0,0,0,0,0,0,0,0,0,0,20.9545,2017,transient,Router,bulk minerals
WA,14,MO,455849776.9,34,621743382.8,120,0.7332,1675.0,3,3,4,2,2,2,1,1,1,0.0,2017,transient,Router,bulk minerals
WA,15,MT,226873199.4,57,246293393.0,62,0.9212,783.0,0,1,2,0,1,1,0,1,1,0.0983,2017,transient,Router,bulk minerals
WA,18,OR,40786568.8,10,41378076.4,14,0.9857,27.0,0,0,0,0,0,0,0,0,0,16.8889,2017,transient,Router,fuels
WA,25,OR,34546443.3,20,55842978.7,33,0.6186,93.0,0,0,0,0,0,0,0,0,0,9.828,2017,transient,Router,wood and paper
WA,26,OR,1441421388.2,697,2586740254.1,1926,0.5572,181.0,1,1,1,0,0,0,0,0,0,0.0,2017,transient,Router,wood and paper
WA,41,OR,476210836.3,238,646887876.3,328,0.7362,140.0,0,0,0,0,0,0,0,0,0,5.8286,2017,transient,Router,scrap and mixed
WA,43,OR,6759439952.4,1287,11902063237.7,3513,0.5679,157.0,0,0,0,0,0,0,0,0,0,3.5892,2017,persistent,Router,scrap and mixed
WI,02,ND,155010080.4,48,286629099.6,140,0.5408,492.0,10,12,20,9,11,16,7,8,9,0.0,2017,transient,Generalist,farm and food
WI,10,IL,37396980.3,15,54523952.5,51,0.6859,81.0,0,0,1,0,0,1,0,0,1,0.4815,2017,transient,Generalist,bulk minerals
WI,14,MN,355647859.2,20,407452390.3,44,0.8729,1001.5,6,7,8,1,1,2,0,0,1,0.0,2017,transient,Generalist,bulk minerals
WI,15,WY,250773304.6,53,356931558.4,84,0.7026,879.0,7,8,8,5,5,5,2,2,2,0.0,2017,persistent,Generalist,bulk minerals
WI,17,MN,1418088367.6,80,2585857963.0,129,0.5484,200.0,3,4,4,3,3,3,1,1,1,0.0,2017,transient,Generalist,fuels
WI,18,MN,562226145.4,29,689780735.6,66,0.8151,33.0,0,0,0,0,0,0,0,0,0,1.3636,2017,transient,Generalist,fuels
WI,21,IL,11827959975.9,271,17301735511.9,1502,0.6836,98.0,0,0,0,0,0,0,0,0,0,1.8673,2017,persistent,Generalist,chemicals
WI,37,GA,1902053150.4,8,2492602504.4,320,0.7631,887.0,11,11,15,5,5,9,2,2,4,0.0,2017,transient,Generalist,machinery and vehicles
WI,43,IL,6437820582.2,908,11591636839.1,3437,0.5554,108.0,0,1,2,0,1,1,0,0,0,0.2407,2017,transient,Generalist,scrap and mixed
WV,02,OH,12183813.7,4,12209133.8,6,0.9979,139.5,3,4,6,3,4,6,3,4,5,0.0,2017,transient,Sustainer,farm and food
WV,09,PA,68268475.0,12,132920551.9,46,0.5136,107.5,3,4,4,1,2,2,1,2,2,0.0,2017,transient,Sustainer,farm and food
WV,11,IL,27503867.8,16,51067424.6,74,0.5386,443.0,7,10,15,6,9,13,3,5,6,0.0,2017,transient,Sustainer,bulk minerals
WV,14,NY,22105993.8,2,34460547.7,19,0.6415,400.0,7,10,17,7,9,15,4,5,11,0.0,2017,transient,Sustainer,bulk minerals
WV,17,KY,2023868896.3,49,2375391318.7,129,0.852,27.0,0,0,0,0,0,0,0,0,0,2.5,2017,persistent,Sustainer,fuels
WV,25,PA,2394273.0,5,3150519.4,6,0.76,267.0,4,9,15,3,7,13,2,5,10,0.0,2017,transient,Sustainer,wood and paper
WV,37,ID,78991430.0,1,151083144.4,77,0.5228,1778.0,37,42,42,34,39,39,30,34,34,0.0,2017,transient,Sustainer,machinery and vehicles
WV,38,PA,3923914008.7,102,4755008110.3,599,0.8252,166.0,0,2,4,0,0,1,0,0,0,0.0602,2017,transient,Sustainer,machinery and vehicles
WY,02,WA,714854.4,1,716292.2,2,0.998,447.0,7,8,17,7,8,17,7,8,17,0.0,2017,transient,Specialist,farm and food
WY,08,CO,54684465.6,18,68985830.2,93,0.7927,226.0,1,1,2,1,1,2,1,1,2,0.0,2017,transient,Specialist,farm and food
WY,09,CA,47117138.6,3,49364433.8,10,0.9545,757.0,2,4,12,1,3,10,0,1,7,0.0,2017,transient,Specialist,farm and food
WY,10,MT,6810073.7,16,10576007.2,24,0.6439,148.0,1,1,2,1,1,2,1,1,1,0.0,2017,transient,Specialist,bulk minerals
WY,12,MT,9125704.6,69,10643842.7,74,0.8574,26.0,0,0,1,0,0,0,0,0,0,0.5,2017,transient,Specialist,bulk minerals
WY,13,UT,160952348.9,23,318846306.7,115,0.5048,80.0,0,0,0,0,0,0,0,0,0,5.0,2017,persistent,Specialist,bulk minerals
WY,14,AR,10622287.5,1,12244066.5,3,0.8675,1002.0,13,21,28,13,20,27,13,19,24,0.0,2017,transient,Specialist,bulk minerals
WY,15,MT,596817.9,52,1065952.7,72,0.5599,73.0,0,0,1,0,0,1,0,0,1,0.4247,2017,transient,Specialist,bulk minerals
WY,18,MT,132488656.6,34,175509063.7,46,0.7549,337.0,0,1,4,0,1,3,0,0,1,0.1899,2017,transient,Specialist,fuels
WY,25,CO,8571083.0,5,8632696.4,6,0.9929,205.0,0,0,0,0,0,0,0,0,0,1.7415,2017,transient,Specialist,wood and paper
AK,02,IA,1019663.2,3,1307383.0,7,0.7799,2786.0,13,36,37,13,36,37,13,36,37,0.0,2022,transient,Market,farm and food
AK,03,CA,152946762.9,73,202708112.0,363,0.7545,2225.0,6,17,43,5,15,39,3,12,33,0.0,2022,transient,Market,farm and food
AK,04,CA,16503856.6,74,18469498.0,120,0.8936,2040.0,5,11,44,5,11,44,5,11,41,0.0,2022,transient,Market,farm and food
AK,05,WA,159217702.6,43,177427803.4,78,0.8974,1442.0,0,1,16,0,1,15,0,1,12,0.0784,2022,transient,Market,farm and food
AK,06,WA,11513798.8,21,18018199.3,76,0.639,1439.0,0,1,20,0,1,19,0,1,17,0.0806,2022,transient,Market,farm and food
AK,11,IL,14012.9,2,22601.4,3,0.62,2793.0,13,36,37,11,34,35,11,34,35,0.0,2022,transient,Market,bulk minerals
AK,12,WA,18069315.5,5,18069315.5,5,1.0,1475.0,0,2,15,0,0,11,0,0,7,0.0461,2022,transient,Market,bulk minerals
AK,13,WA,4595369.9,4,8510622.3,28,0.54,908.0,0,0,1,0,0,1,0,0,1,0.9262,2022,transient,Market,bulk minerals
AK,17,WA,147389.5,1,239130.1,7,0.6164,1629.0,1,3,29,1,3,29,1,3,29,0.0,2022,transient,Market,fuels
AK,18,VA,116935.5,1,228816.9,4,0.511,3343.0,32,44,44,32,44,44,32,44,44,0.0,2022,transient,Market,fuels
AK,19,WA,13498086.7,23,24039895.2,251,0.5615,985.0,0,0,3,0,0,3,0,0,3,0.5635,2022,transient,Market,fuels
AK,22,WA,5578198.9,1,9119365.6,31,0.6117,1435.0,0,1,17,0,1,15,0,1,15,0.2049,2022,transient,Market,chemicals
AK,28,WA,181140750.1,275,207883283.4,612,0.8714,1459.0,0,1,15,0,1,13,0,1,9,0.0514,2022,transient,Market,wood and paper
AK,30,NY,3286456300.1,90,4606812101.0,7011,0.7134,3272.0,22,32,32,13,20,20,7,12,12,0.0,2022,transient,Market,other manufactured
AK,41,PA,12602232.5,1,12736048.5,3,0.9895,3236.0,32,47,47,32,47,47,32,47,47,0.0,2022,transient,Market,scrap and mixed
AK,43,WA,583416156.2,984,871966004.2,2463,0.6691,1595.0,1,2,31,1,2,30,1,2,25,0.0,2022,persistent,Market,scrap and mixed
AL,10,VT,6511576.1,2,6970337.6,3,0.9342,1008.0,2,3,3,2,3,3,2,3,3,0.0,2022,transient,Sustainer,bulk minerals
AL,14,CA,17330349.1,2,17330349.1,2,1.0,1869.0,4,4,4,4,4,4,3,3,3,0.0,2022,transient,Sustainer,bulk minerals
AL,18,LA,650150759.9,4,978218518.6,112,0.6646,328.5,4,5,14,2,2,8,1,1,5,0.0,2022,transient,Sustainer,fuels
AL,19,MS,2333290959.8,258,3010088704.8,1388,0.7752,124.0,0,0,0,0,0,0,0,0,0,1.5403,2022,transient,Sustainer,fuels
AL,25,TN,70975130.9,9,70975130.9,9,1.0,92.0,0,0,0,0,0,0,0,0,0,4.0,2022,transient,Sustainer,wood and paper
AL,37,CA,5795427811.8,112,9230910781.0,1144,0.6278,1784.5,6,7,7,2,2,2,0,0,0,0.0,2022,transient,Sustainer,machinery and vehicles
AR,02,KS,427153943.9,3,742928435.1,332,0.575,78.0,0,0,0,0,0,0,0,0,0,1.1026,2022,transient,Sustainer,farm and food
AR,10,OK,830890.2,2,830890.2,2,1.0,180.5,0,0,0,0,0,0,0,0,0,2.8781,2022,transient,Sustainer,bulk minerals
AR,11,GA,894456.0,1,1461874.3,8,0.6119,501.0,7,11,21,6,9,18,6,9,17,0.0,2022,transient,Sustainer,bulk minerals
AR,14,CA,385081.2,1,385081.2,1,1.0,1423.0,4,4,4,4,4,4,4,4,4,0.0,2022,transient,Sustainer,bulk minerals
AR,15,WY,30652716.2,6,32578320.3,13,0.9409,979.0,7,8,8,7,8,8,6,7,7,0.0,2022,persistent,Sustainer,bulk minerals
AR,18,TN,411525669.1,50,703997362.5,143,0.5846,12.5,0,1,1,0,1,1,0,1,1,0.12,2022,transient,Sustainer,fuels
AR,21,TN,11528733540.0,464,16773822186.9,11973,0.6873,154.5,0,0,2,0,0,2,0,0,0,0.7929,2022,transient,Sustainer,chemicals
AR,25,TX,6410671.2,11,6410671.2,11,1.0,48.0,0,0,0,0,0,0,0,0,0,2.625,2022,transient,Sustainer,wood and paper
AR,37,CA,2589644050.2,12,3921642769.0,788,0.6603,1404.0,14,16,16,7,8,8,2,2,2,0.0,2022,transient,Sustainer,machinery and vehicles
AZ,03,CA,1060659900.6,931,1566726950.2,3125,0.677,397.0,0,1,3,0,0,2,0,0,0,0.0781,2022,persistent,Market,farm and food
AZ,08,CA,1747337886.9,761,2642631421.8,2357,0.6612,606.0,0,0,2,0,0,1,0,0,0,0.4043,2022,persistent,Market,farm and food
AZ,11,IL,3231180.7,20,5640014.7,70,0.5729,1380.0,11,18,25,9,16,22,9,14,19,0.0,2022,transient,Market,bulk minerals
AZ,12,CA,5586056.0,33,9720640.1,84,0.5747,583.0,1,1,10,1,1,10,1,1,6,0.0,2022,transient,Market,bulk minerals
AZ,14,MT,11847556.8,7,13190504.3,8,0.8982,1022.0,2,3,4,2,3,4,2,3,4,0.0,2022,transient,Market,bulk minerals
AZ,15,CO,1488108.4,5,1488108.4,5,1.0,319.0,0,0,1,0,0,1,0,0,1,0.5486,2022,transient,Market,bulk minerals
AZ,18,TX,3005593143.1,6,3363865431.6,57,0.8935,356.0,0,0,0,0,0,0,0,0,0,1.7022,2022,transient,Market,fuels
AZ,25,MI,6026893.2,2,6027531.6,3,0.9999,1550.0,6,8,10,4,6,8,4,6,8,0.0,2022,transient,Market,wood and paper
CA,10,CO,10691192.4,1,10691192.4,1,1.0,645.0,0,0,1,0,0,1,0,0,0,0.9829,2022,transient,Engine,bulk minerals
CA,14,ID,13507094.4,1,13507094.4,1,1.0,956.0,1,1,2,1,1,2,1,1,2,0.0,2022,transient,Engine,bulk minerals
CA,19,UT,16820252870.1,97,18418088385.4,3746,0.9132,522.0,0,0,0,0,0,0,0,0,0,,2022,transient,Engine,fuels
CA,25,MO,82661932.8,33,82854102.8,78,0.9977,1358.0,0,0,3,0,0,2,0,0,1,0.3299,2022,transient,Engine,wood and paper
CO,02,NE,996337224.8,310,1236404205.0,650,0.8058,83.0,0,0,0,0,0,0,0,0,0,1.8916,2022,transient,Specialist,farm and food
CO,03,CA,898982785.8,646,1420521889.2,2927,0.6329,839.5,11,17,28,9,14,22,1,2,5,0.0,2022,transient,Specialist,farm and food
CO,10,OK,9546135.0,4,12406886.5,6,0.7694,652.0,0,0,0,0,0,0,0,0,0,1.3359,2022,transient,Specialist,bulk minerals
CO,11,TX,55754979.6,1305,106266639.3,1586,0.5247,817.0,3,7,9,1,4,5,0,2,2,0.0,2022,transient,Specialist,bulk minerals
CO,15,WY,99099540.3,12,99099540.3,12,1.0,290.0,0,0,1,0,0,0,0,0,0,0.2793,2022,persistent,Specialist,bulk minerals
CO,17,TX,2297891870.3,14,2903464107.5,507,0.7914,313.0,2,2,2,2,2,2,0,0,0,0.0,2022,transient,Specialist,fuels
CO,19,UT,1405804660.5,18,2003924105.9,933,0.7015,305.0,0,0,3,0,0,2,0,0,0,0.4377,2022,transient,Specialist,fuels
CO,25,OH,14118.0,1,14118.0,1,1.0,1244.0,7,9,11,7,9,11,7,9,11,0.0,2022,transient,Specialist,wood and paper
CO,41,MT,113831158.5,14,217589858.0,70,0.5231,558.0,8,11,26,5,7,20,1,2,13,0.0,2022,transient,Specialist,scrap and mixed
CT,10,VT,34064877.9,11,34064877.9,11,1.0,168.0,0,1,1,0,1,1,0,0,0,0.0714,2022,transient,Generalist,bulk minerals
CT,11,NJ,72560898.5,36,81646046.3,98,0.8887,71.0,0,0,0,0,0,0,0,0,0,6.8169,2022,transient,Generalist,bulk minerals
CT,12,MA,3974497.4,31,7185013.2,110,0.5532,62.0,1,1,2,1,1,1,1,1,1,0.0,2022,persistent,Generalist,bulk minerals
CT,14,CA,14625583.9,6,14625583.9,6,1.0,2506.0,4,4,4,4,4,4,4,4,4,0.0,2022,transient,Generalist,bulk minerals
CT,15,PA,1696841.8,3,1696841.8,3,1.0,123.0,0,0,0,0,0,0,0,0,0,2.0325,2022,transient,Generalist,bulk minerals
CT,17,TX,290798048.3,2,403358466.5,286,0.7209,1414.5,28,30,34,21,23,26,16,16,18,0.0,2022,transient,Generalist,fuels
CT,20,NJ,929158722.8,123,1621611211.4,2835,0.573,104.0,1,2,3,0,1,2,0,1,2,0.0,2022,transient,Generalist,chemicals
CT,21,MA,4836339319.6,624,8187224429.0,11006,0.5907,90.0,0,1,3,0,1,3,0,1,3,0.0778,2022,transient,Generalist,chemicals
CT,25,OH,2949.4,2,2949.4,2,1.0,464.0,4,5,7,4,5,7,4,5,7,0.0,2022,transient,Generalist,wood and paper
DC,02,IA,909952.8,2,1230658.7,21,0.7394,803.0,20,24,31,20,24,31,20,24,31,0.0,2022,transient,Market,farm and food
DC,03,MD,707866429.0,803,749402850.3,1196,0.9446,21.0,0,0,0,0,0,0,0,0,0,1.9524,2022,persistent,Market,farm and food
DC,04,PA,9970651.7,13,19461803.9,95,0.5123,96.0,3,3,4,3,3,4,3,3,4,0.0,2022,transient,Market,farm and food
DC,05,MD,346054170.6,1693,396979822.5,1861,0.8717,22.0,1,1,1,1,1,1,1,1,1,0.0,2022,persistent,Market,farm and food
DC,06,MD,40760544.9,872,50902562.4,999,0.8008,21.0,0,1,1,0,1,1,0,1,1,0.1905,2022,persistent,Market,farm and food
DC,07,MD,418375854.8,6904,653187018.5,8182,0.6405,21.0,0,0,0,0,0,0,0,0,0,3.4762,2022,persistent,Market,farm and food
DC,11,MD,388980.9,2,388980.9,2,1.0,71.0,2,2,3,2,2,3,2,2,3,0.0,2022,persistent,Market,bulk minerals
DC,12,MD,168375.4,3,168375.4,3,1.0,19.0,0,1,1,0,1,1,0,1,1,0.2105,2022,transient,Market,bulk minerals
DC,13,PA,12670519.5,1,15591502.1,29,0.8127,221.0,5,7,14,5,7,13,4,5,9,0.0,2022,transient,Market,bulk minerals
DC,17,VA,66987438.8,399,67660828.7,409,0.99,16.0,0,0,0,0,0,0,0,0,0,1.625,2022,persistent,Market,fuels
DC,18,VA,13736304.9,37,25136330.1,57,0.5465,16.0,1,1,1,1,1,1,1,1,1,0.0,2022,transient,Market,fuels
DC,19,MD,4696675.8,18,4768682.2,30,0.9849,20.0,0,1,1,0,1,1,0,1,1,0.15,2022,persistent,Market,fuels
DC,21,VA,770016911.2,281,1344751953.4,2331,0.5726,71.0,1,2,3,1,2,3,1,2,3,0.0,2022,transient,Market,chemicals
DC,22,UT,5036.9,1,9396.5,17,0.536,1844.0,39,43,45,39,43,45,39,43,45,0.0,2022,transient,Market,chemicals
DC,27,MD,19055506.5,193,31448088.5,249,0.6059,23.0,0,0,0,0,0,0,0,0,0,1.8696,2022,transient,Market,wood and paper
DC,32,VA,69639809.5,67,129075678.5,209,0.5395,23.0,1,1,1,1,1,1,1,1,1,0.0,2022,transient,Market,metals and minerals
DC,34,MD,130075622.9,51,257404852.6,694,0.5053,16.0,0,0,0,0,0,0,0,0,0,3.125,2022,transient,Market,machinery and vehicles
DC,37,AZ,421656.9,2,559592.0,18,0.7535,1973.0,37,42,42,37,42,42,37,42,42,0.0,2022,transient,Market,machinery and vehicles
DC,39,MD,475143323.0,201,738363772.0,1467,0.6435,21.0,0,0,1,0,0,1,0,0,0,1.0,2022,transient,Market,other manufactured
DC,41,TX,1051248.0,1,1051248.0,1,1.0,1183.0,35,35,46,35,35,46,35,35,46,0.0,2022,transient,Market,scrap and mixed
DE,02,MD,9754078.5,14,12148183.7,31,0.8029,28.0,0,0,0,0,0,0,0,0,0,2.1071,2022,persistent,Generalist,farm and food
DE,10,PA,5348506.1,3,5348506.1,3,1.0,122.0,0,0,1,0,0,0,0,0,0,0.7623,2022,transient,Generalist,bulk minerals
DE,11,NJ,2731871.1,5,5356714.0,65,0.51,41.0,2,2,2,2,2,2,2,2,2,0.0,2022,transient,Generalist,bulk minerals
DE,12,PA,20466735.5,645,35590612.8,759,0.5751,168.0,2,2,3,1,1,2,1,1,2,0.0,2022,transient,Generalist,bulk minerals
DE,13,VA,16810505.9,31,29838241.2,92,0.5634,135.0,4,4,6,4,4,5,4,4,5,0.0,2022,transient,Generalist,bulk minerals
DE,17,MD,41301403.6,39,46161889.6,88,0.8947,67.0,2,2,3,2,2,3,2,2,3,0.0,2022,transient,Generalist,fuels
DE,18,NJ,4426360177.8,36,4476802775.1,44,0.9887,33.0,0,0,0,0,0,0,0,0,0,10.9091,2022,transient,Generalist,fuels
DE,19,NJ,1808498459.5,32,2226927344.1,1071,0.8121,30.0,1,1,1,0,0,0,0,0,0,0.0,2022,transient,Generalist,fuels
DE,25,OH,2602.4,3,2602.4,3,1.0,312.0,2,3,6,2,3,6,2,3,6,0.0,2022,transient,Generalist,wood and paper
DE,41,MN,12974575.8,11,13001679.8,12,0.9979,965.0,26,32,39,26,32,39,26,32,39,0.0,2022,transient,Generalist,scrap and mixed
FL,02,IN,475730075.0,52,918191817.1,272,0.5181,1002.0,6,12,17,4,9,12,2,5,7,0.0,2022,transient,Market,farm and food
FL,10,CO,16674005.6,2,16674005.6,2,1.0,1848.0,3,3,3,3,3,3,2,2,2,0.0,2022,transient,Market,bulk minerals
FL,18,GA,221599573.3,111,370064338.5,161,0.5988,99.0,0,0,1,0,0,0,0,0,0,0.4848,2022,transient,Market,fuels
FL,23,NC,16281154086.5,1709,31590187099.4,57461,0.5154,539.0,0,0,4,0,0,0,0,0,0,0.7273,2022,transient,Market,chemicals
FL,25,OH,742925.8,13,742925.8,13,1.0,901.0,4,8,11,4,8,11,4,8,11,0.0,2022,transient,Market,wood and paper
GA,02,IL,325316480.8,92,538955621.2,275,0.6036,410.0,2,4,11,2,4,11,0,1,7,0.0,2022,transient,Router,farm and food
GA,10,VT,28530312.2,20,31327793.5,23,0.9107,907.0,2,2,3,1,1,2,0,0,0,0.0,2022,transient,Router,bulk minerals
GA,11,SC,14097287.7,79,27553932.8,152,0.5116,63.0,0,1,1,0,0,0,0,0,0,0.0952,2022,transient,Router,bulk minerals
GA,18,OH,75857577.7,10,150955725.2,236,0.5025,551.0,12,18,30,11,17,29,9,15,26,0.0,2022,transient,Router,fuels
GA,25,OH,288494.7,15,288494.7,15,1.0,496.0,3,6,10,3,6,10,3,6,10,0.0,2022,transient,Router,wood and paper
HI,02,IA,1386896.7,4,1475498.5,9,0.94,4035.0,14,36,37,14,36,37,13,35,36,0.0,2022,transient,Market,farm and food
HI,03,CA,72111103.2,110,116148582.0,527,0.6209,2473.0,0,6,39,0,6,39,0,4,35,0.0255,2022,persistent,Market,farm and food
HI,04,NV,223945525.0,7,313753327.6,189,0.7138,2505.0,0,5,34,0,3,30,0,1,18,0.0263,2022,transient,Market,farm and food
HI,05,CA,86025553.5,1623,117714242.8,1778,0.7308,2476.0,0,7,37,0,6,36,0,5,35,0.0513,2022,persistent,Market,farm and food
HI,06,CA,33626231.7,23,56393271.9,83,0.5963,2463.0,0,6,36,0,6,35,0,6,34,0.0378,2022,persistent,Market,farm and food
HI,07,CA,113156983.0,287,225049635.9,1034,0.5028,2541.0,0,7,45,0,7,45,0,7,43,0.0063,2022,persistent,Market,farm and food
HI,09,MN,89145501.6,6,165987534.5,2102,0.5371,3972.0,9,28,31,8,22,25,5,17,19,0.0,2022,transient,Market,farm and food
HI,12,WA,4155225.0,1,4155225.0,1,1.0,2742.0,2,5,37,2,5,35,1,4,27,0.0,2022,transient,Market,bulk minerals
HI,13,CA,8511272.3,3,12071472.0,6,0.7051,2414.0,0,6,34,0,6,33,0,4,28,0.0485,2022,transient,Market,bulk minerals
HI,17,WA,271349734.2,1,271349734.2,1,1.0,2641.0,1,3,35,1,2,29,1,1,20,0.0,2022,transient,Market,fuels
HI,18,WA,30852555.0,3,30852555.0,3,1.0,2641.0,1,3,40,1,3,38,1,3,36,0.0,2022,transient,Market,fuels
HI,20,WA,53894197.9,17,92050959.2,438,0.5855,2678.0,2,9,45,2,9,44,2,9,43,0.0,2022,transient,Market,chemicals
HI,22,WA,239690470.9,31,253327979.9,70,0.9462,2700.0,2,4,19,1,2,14,0,0,7,0.0,2022,transient,Market,chemicals
HI,27,ID,3822786.0,1,4143799.3,7,0.9225,2876.0,4,8,44,4,8,42,4,8,42,0.0,2022,transient,Market,wood and paper
HI,28,CA,104212552.6,183,138220488.6,720,0.754,2574.0,1,6,41,1,6,39,0,4,31,0.0,2022,transient,Market,wood and paper
HI,43,CA,550413743.0,9947,680969802.9,11438,0.8083,2476.0,0,6,40,0,6,39,0,5,35,0.0456,2022,persistent,Market,scrap and mixed
IA,02,IL,2832193157.5,1182,4227697502.1,1586,0.6699,29.0,0,0,1,0,0,0,0,0,0,0.3103,2022,transient,Generalist,farm and food
IA,04,TX,2837853971.7,49,5269808024.6,3038,0.5385,734.0,7,8,9,3,3,3,0,0,0,0.0,2022,transient,Generalist,farm and food
IA,11,IL,24938039.7,711,27015209.5,762,0.9231,64.0,0,0,0,0,0,0,0,0,0,1.125,2022,transient,Generalist,bulk minerals
IA,14,MT,4864720.4,4,4864720.4,4,1.0,1126.0,2,3,4,2,3,4,2,3,4,0.0,2022,transient,Generalist,bulk minerals
IA,15,WY,134578343.7,13,170023675.5,56,0.7915,702.0,4,6,7,4,6,6,3,5,5,0.0,2022,persistent,Generalist,bulk minerals
IA,18,WI,162041486.3,12,250150006.8,89,0.6478,133.0,2,2,4,2,2,4,1,1,3,0.0,2022,transient,Generalist,fuels
IA,25,MI,533727.5,2,533727.5,2,1.0,428.5,2,5,8,2,5,8,2,5,8,0.0,2022,transient,Generalist,wood and paper
ID,11,UT,40114100.9,3,40114100.9,3,1.0,296.0,0,0,0,0,0,0,0,0,0,1.2872,2022,transient,Specialist,bulk minerals
ID,12,WA,767013.9,16,973357.7,22,0.788,75.0,0,0,0,0,0,0,0,0,0,2.5733,2022,persistent,Specialist,bulk minerals
ID,14,MT,8991312.0,6,8991312.0,6,1.0,132.0,0,0,0,0,0,0,0,0,0,4.1288,2022,transient,Specialist,bulk minerals
ID,15,WY,306788.7,5,306788.7,5,1.0,334.0,1,1,2,1,1,2,1,1,2,0.0,2022,transient,Specialist,bulk minerals
ID,18,MT,72273190.7,14,76715858.9,15,0.9421,277.0,2,3,4,2,3,4,1,2,2,0.0,2022,transient,Specialist,fuels
ID,21,UT,3261787773.7,1268,5925280115.8,8886,0.5505,295.0,0,2,3,0,2,2,0,0,0,0.1593,2022,transient,Specialist,chemicals
ID,41,WA,10393015.4,5,17330765.7,14,0.5997,21.0,0,0,0,0,0,0,0,0,0,5.9048,2022,transient,Specialist,scrap and mixed
ID,43,UT,12618245073.8,3957,16593673857.3,12594,0.7604,264.0,1,1,2,0,0,1,0,0,0,0.0,2022,transient,Specialist,scrap and mixed
IL,10,VT,2762911.2,1,3317817.3,2,0.8327,767.0,2,4,4,2,4,4,2,3,3,0.0,2022,transient,Engine,bulk minerals
IL,12,WI,144809848.5,23,220859183.7,539,0.6557,184.0,2,3,4,1,1,1,0,0,0,0.0,2022,transient,Engine,bulk minerals
IL,15,WY,93996045.7,7,181435793.1,17,0.5181,915.0,5,6,7,4,5,5,4,4,4,0.0,2022,transient,Engine,bulk minerals
IN,10,VT,171066.8,1,171066.8,1,1.0,840.0,3,4,4,3,4,4,3,4,4,0.0,2022,transient,Sustainer,bulk minerals
IN,14,MN,569910385.3,3,570535204.3,4,0.9989,495.0,0,0,0,0,0,0,0,0,0,,2022,persistent,Sustainer,bulk minerals
IN,17,IL,5882150738.1,230,7281244634.3,326,0.8078,138.0,1,1,2,0,0,0,0,0,0,0.0,2022,persistent,Sustainer,fuels
IN,25,PA,22182197.4,6,42071445.5,28,0.5273,587.0,6,6,7,6,6,6,1,1,1,0.0,2022,transient,Sustainer,wood and paper
KS,10,VT,2113210.5,1,2113210.5,1,1.0,1185.0,3,4,4,3,4,4,3,3,3,0.0,2022,transient,Generalist,bulk minerals
KS,13,WY,87533585.5,171,152050833.3,381,0.5757,668.0,10,13,24,7,9,16,1,1,6,0.0,2022,transient,Generalist,bulk minerals
KS,14,CA,3991731.2,2,3991731.2,2,1.0,1177.0,4,4,4,4,4,4,4,4,4,0.0,2022,transient,Generalist,bulk minerals
KS,15,WY,126456659.5,15,126456659.5,15,1.0,691.0,3,4,7,3,4,6,2,3,5,0.0,2022,persistent,Generalist,bulk minerals
KS,17,LA,823604387.1,4,1067231530.2,371,0.7717,608.0,10,13,18,8,10,13,5,7,8,0.0,2022,transient,Generalist,fuels
KS,18,OK,210450697.0,21,287532637.7,60,0.7319,160.0,2,2,4,2,2,4,1,1,2,0.0,2022,transient,Generalist,fuels
KS,25,MI,256802.4,3,256802.4,3,1.0,595.0,6,7,9,6,7,9,6,7,9,0.0,2022,transient,Generalist,wood and paper
KY,02,IN,75343168.8,306,94866253.7,359,0.7942,7.0,0,0,0,0,0,0,0,0,0,13.2143,2022,persistent,Sustainer,farm and food
KY,15,WV,1167352062.0,75,1364095509.4,124,0.8558,244.0,0,2,2,0,1,1,0,0,0,0.1148,2022,transient,Sustainer,bulk minerals
KY,25,TN,30064807.0,3,30208698.3,7,0.9952,119.0,1,2,2,0,1,1,0,0,0,0.0,2022,transient,Sustainer,wood and paper
LA,10,VT,10548092.6,3,10556301.5,7,0.9992,1338.0,3,3,3,3,3,3,2,2,2,0.0,2022,transient,Sustainer,bulk minerals
LA,12,WI,156259089.4,7,307522581.3,320,0.5081,848.0,6,7,9,1,1,3,0,0,0,0.0,2022,transient,Sustainer,bulk minerals
LA,13,GA,199521085.6,60,301819602.6,294,0.6611,397.0,3,3,4,1,1,2,0,0,0,0.0,2022,transient,Sustainer,bulk minerals
LA,18,TX,5342396189.2,76,7253196111.7,124,0.7366,90.0,0,0,0,0,0,0,0,0,0,5.9222,2022,transient,Sustainer,fuels
LA,19,TX,3050012555.5,417,5679074342.0,1010,0.5371,220.0,1,1,1,1,1,1,0,0,0,0.0,2022,transient,Sustainer,fuels
LA,20,TX,6017294398.1,1211,9800593947.8,3257,0.614,199.0,0,0,1,0,0,0,0,0,0,0.7839,2022,transient,Sustainer,chemicals
LA,21,TX,15310720031.2,6488,23233319672.6,23916,0.659,198.0,0,0,2,0,0,2,0,0,0,0.4747,2022,transient,Sustainer,chemicals
LA,25,AR,13689819.9,12,19261734.3,13,0.7107,157.0,0,0,0,0,0,0,0,0,0,1.8662,2022,transient,Sustainer,wood and paper
LA,32,TX,1550373644.4,601,3007790583.8,2743,0.5155,218.0,0,1,3,0,1,3,0,0,2,0.0138,2022,transient,Sustainer,metals and minerals
LA,38,TX,3653338291.4,897,6930416070.9,11185,0.5271,326.0,0,1,3,0,0,1,0,0,0,0.0675,2022,transient,Sustainer,machinery and vehicles
MA,10,VT,39357060.9,7,70634610.5,18,0.5572,109.0,0,0,0,0,0,0,0,0,0,1.3761,2022,transient,Router,bulk minerals
MA,12,CA,289946927.5,2,314988718.1,202,0.9205,2595.0,4,4,4,1,1,1,0,0,0,0.0,2022,transient,Router,bulk minerals
MA,17,NY,4152094912.7,1047,5695072685.1,3772,0.7291,142.0,0,0,0,0,0,0,0,0,0,4.0352,2022,transient,Router,fuels
MA,18,CT,1999924767.7,761,3898230371.0,2071,0.513,95.0,0,0,0,0,0,0,0,0,0,1.2316,2022,transient,Router,fuels
MA,22,OH,79621250.7,190,153534257.6,340,0.5186,650.5,5,7,19,2,4,13,1,3,10,0.0,2022,transient,Router,chemicals
MA,25,ME,40531843.8,9,50219407.1,18,0.8071,181.0,0,0,1,0,0,1,0,0,1,0.3481,2022,transient,Router,wood and paper
MD,02,NC,51682213.4,28,79608874.4,88,0.6492,252.0,2,2,6,1,1,5,0,0,3,0.0,2022,transient,Router,farm and food
MD,10,PA,9129605.7,5,15924984.2,7,0.5733,181.0,0,0,0,0,0,0,0,0,0,1.0718,2022,transient,Router,bulk minerals
MD,11,NJ,6411601.2,10,9941846.6,65,0.6449,81.0,0,1,3,0,1,3,0,1,1,0.1235,2022,transient,Router,bulk minerals
MD,12,PA,154278999.1,1198,188523049.0,1364,0.8184,58.0,0,0,0,0,0,0,0,0,0,3.8621,2022,persistent,Router,bulk minerals
MD,15,PA,1320612154.0,110,2191941599.5,131,0.6025,15.0,0,0,0,0,0,0,0,0,0,12.9333,2022,transient,Router,bulk minerals
MD,17,VA,421336156.2,2212,773704433.6,2552,0.5446,20.0,0,0,0,0,0,0,0,0,0,3.15,2022,transient,Router,fuels
MD,18,DE,527721984.5,67,606573092.3,350,0.87,31.0,0,1,1,0,0,0,0,0,0,0.1613,2022,transient,Router,fuels
MD,22,PA,156111871.5,139,262649522.4,443,0.5944,85.0,0,0,0,0,0,0,0,0,0,2.2706,2022,transient,Router,chemicals
MD,25,PA,25508332.1,5,25654517.3,12,0.9943,63.0,0,0,1,0,0,1,0,0,0,0.3175,2022,transient,Router,wood and paper
ME,02,AR,267155639.5,4,275755148.9,27,0.9688,1407.0,12,16,20,12,16,20,8,10,12,0.0,2022,transient,Market,farm and food
ME,07,MA,6231215735.4,213,7401127930.4,3294,0.8419,141.0,0,0,0,0,0,0,0,0,0,1.1348,2022,transient,Market,farm and food
ME,10,PA,4056022.5,3,4177085.2,4,0.971,422.0,2,2,2,1,1,1,1,1,1,0.0,2022,transient,Market,bulk minerals
ME,12,IN,15509597.9,3,17916713.9,39,0.8656,921.0,10,15,23,9,13,21,5,9,13,0.0,2022,transient,Market,bulk minerals
ME,13,GA,17422453.1,18,30890177.8,65,0.564,1153.0,20,28,36,18,24,32,13,19,24,0.0,2022,transient,Market,bulk minerals
ME,17,MA,38787094.5,2,40221498.8,12,0.9643,60.0,1,1,1,1,1,1,0,0,0,0.0,2022,transient,Market,fuels
ME,18,NH,1899742.4,18,3573360.6,24,0.5316,27.5,0,0,0,0,0,0,0,0,0,4.1273,2022,persistent,Market,fuels
ME,21,MA,8257005260.8,1296,9992207792.6,5754,0.8263,151.0,1,1,2,0,0,1,0,0,0,0.0,2022,transient,Market,chemicals
ME,25,VT,133593.1,1,133593.1,1,1.0,228.0,0,0,1,0,0,1,0,0,1,0.7982,2022,transient,Market,wood and paper
ME,41,NH,2696852.0,23,3729332.0,24,0.7231,81.0,0,0,1,0,0,1,0,0,1,0.8395,2022,transient,Market,scrap and mixed
MI,02,AR,576204185.8,8,808686422.0,115,0.7125,629.0,9,11,15,6,8,9,4,5,5,0.0,2022,transient,Sustainer,farm and food
MI,10,PA,2306847.6,1,3325332.9,4,0.6937,513.0,0,2,3,0,2,3,0,1,2,0.0936,2022,transient,Sustainer,bulk minerals
MI,14,MN,824868721.7,5,1105932746.3,14,0.7459,589.0,0,0,0,0,0,0,0,0,0,,2022,persistent,Sustainer,bulk minerals
MI,17,IL,2033254788.7,7,4064359371.8,768,0.5003,263.0,3,4,8,2,3,4,0,0,0,0.0,2022,transient,Sustainer,fuels
MI,25,IA,1008910.0,1,1332009.3,11,0.7574,367.0,2,4,8,2,4,8,2,4,8,0.0,2022,transient,Sustainer,wood and paper
MI,43,IN,22106905852.6,10044,33530859992.2,56867,0.6593,231.0,2,3,4,0,0,1,0,0,0,0.0,2022,transient,Sustainer,scrap and mixed
MN,10,CO,2402509.2,1,2744747.8,2,0.8753,880.0,1,4,4,1,4,4,1,3,3,0.0,2022,transient,Router,bulk minerals
MN,11,WI,79753229.7,795,122346515.8,984,0.6519,314.0,0,1,3,0,1,2,0,1,1,0.0669,2022,persistent,Router,bulk minerals
MN,12,WI,252046068.8,23,321843557.8,582,0.7831,89.0,0,0,0,0,0,0,0,0,0,3.1124,2022,persistent,Router,bulk minerals
MN,14,MI,75463643.3,5,75463643.3,5,1.0,294.0,0,0,0,0,0,0,0,0,0,1.9524,2022,transient,Router,bulk minerals
MN,15,WY,54666591.3,7,54666591.3,7,1.0,609.0,2,4,8,1,3,7,1,3,6,0.0,2022,transient,Router,bulk minerals
MN,25,OH,333602.5,4,437988.1,5,0.7617,674.5,5,7,11,5,7,11,5,7,11,0.0,2022,transient,Router,wood and paper
MO,10,VT,3835128.8,1,3835128.8,1,1.0,951.0,3,4,4,3,3,3,3,3,3,0.0,2022,transient,Generalist,bulk minerals
MO,11,MI,5539720.7,3,8424834.0,29,0.6575,444.0,5,10,16,5,9,15,4,7,10,0.0,2022,transient,Generalist,bulk minerals
MO,14,CA,1652410.5,1,1652410.5,1,1.0,1558.0,4,4,4,4,4,4,4,4,4,0.0,2022,transient,Generalist,bulk minerals
MO,17,KS,1836054606.9,78,2529556881.6,458,0.7258,113.0,1,1,3,1,1,3,1,1,2,0.0,2022,transient,Generalist,fuels
MO,18,KS,6954110392.3,69,8198273489.1,155,0.8482,63.0,0,0,0,0,0,0,0,0,0,6.9841,2022,transient,Generalist,fuels
MO,19,IL,4187415378.5,191,7815966036.3,1715,0.5358,187.0,0,0,2,0,0,0,0,0,0,0.4332,2022,transient,Generalist,fuels
MO,22,AR,899234144.4,132,1554007055.8,970,0.5787,294.0,3,4,6,2,3,4,0,0,0,0.0,2022,transient,Generalist,chemicals
MO,25,PA,8662095.1,2,8742047.1,4,0.9909,634.0,7,7,8,6,6,7,6,6,6,0.0,2022,transient,Generalist,wood and paper
MS,10,VT,3201549.6,1,3201549.6,1,1.0,1255.0,4,4,4,3,3,3,3,3,3,0.0,2022,transient,Sustainer,bulk minerals
MS,11,AL,4818891.1,13,5511663.9,18,0.8743,158.0,1,2,3,1,2,3,1,2,3,0.0,2022,transient,Sustainer,bulk minerals
MS,15,VA,1187640.3,4,1187640.3,4,1.0,514.5,2,5,7,2,5,7,2,5,7,0.0,2022,transient,Sustainer,bulk minerals
MS,17,LA,7834580117.2,18,9196975200.5,167,0.8519,124.0,0,0,0,0,0,0,0,0,0,1.5726,2022,persistent,Sustainer,fuels
MS,18,LA,3422125807.0,11,3970577729.2,120,0.8619,124.0,0,0,0,0,0,0,0,0,0,2.4355,2022,persistent,Sustainer,fuels
MS,19,LA,684371642.5,404,1085586484.3,1133,0.6304,132.5,2,2,2,1,1,1,0,0,0,0.0,2022,transient,Sustainer,fuels
MS,22,LA,127699601.4,6,203871000.1,109,0.6264,152.0,2,3,3,1,1,1,1,1,1,0.0,2022,transient,Sustainer,chemicals
MS,25,TN,69103752.5,6,81584903.0,22,0.847,49.0,0,0,0,0,0,0,0,0,0,6.4694,2022,transient,Sustainer,wood and paper
MS,37,CA,1574613286.5,36,2663708662.9,1030,0.5911,1600.0,20,21,22,12,13,13,4,4,4,0.0,2022,transient,Sustainer,machinery and vehicles
MT,02,IA,6375096.9,18,11900420.6,24,0.5357,1041.5,10,15,33,10,15,32,9,14,30,0.0,2022,transient,Specialist,farm and food
MT,03,CA,404288751.7,155,750374623.9,996,0.5388,967.0,12,16,34,11,14,31,8,11,21,0.0,2022,transient,Specialist,farm and food
MT,04,TX,244917208.3,6,478490837.5,265,0.5119,1127.0,15,20,34,11,15,29,6,9,17,0.0,2022,transient,Specialist,farm and food
MT,11,TX,3427568.9,9,3427568.9,9,1.0,1270.0,12,17,26,10,15,22,10,14,19,0.0,2022,transient,Specialist,bulk minerals
MT,12,TN,2223446.0,34,4020770.7,46,0.553,1375.0,20,25,39,18,23,37,18,23,34,0.0,2022,transient,Specialist,bulk minerals
MT,15,PA,83905.2,1,83905.2,1,1.0,1463.0,6,9,9,6,9,9,6,9,9,0.0,2022,transient,Specialist,bulk minerals
MT,17,SD,73418121.0,52,120859214.0,83,0.6075,692.0,7,9,20,7,9,20,6,8,19,0.0,2022,transient,Specialist,fuels
MT,18,WA,32197989.4,4,62213605.9,20,0.5175,570.0,4,5,12,3,4,11,3,4,11,0.0,2022,transient,Specialist,fuels
MT,38,CA,1719330072.6,450,2463595195.7,3905,0.6979,910.0,7,8,24,5,6,18,4,4,10,0.0,2022,transient,Specialist,machinery and vehicles
MT,41,ND,106407352.1,2,202948918.6,16,0.5243,286.0,0,2,5,0,0,3,0,0,1,0.1643,2022,transient,Specialist,scrap and mixed
MT,43,UT,5956832067.6,1281,9782045241.6,7908,0.609,385.0,1,3,3,1,2,2,0,0,0,0.0,2022,transient,Specialist,scrap and mixed
NC,08,VA,1673491230.1,568,3068601554.2,4985,0.5454,210.0,0,1,3,0,0,1,0,0,0,0.219,2022,transient,Generalist,farm and food
NC,10,VT,2090411.8,3,2090411.8,3,1.0,703.0,2,2,4,2,2,4,1,1,3,0.0,2022,transient,Generalist,bulk minerals
NC,15,VA,57087722.3,75,96046252.4,88,0.5944,168.0,0,0,1,0,0,1,0,0,1,0.3571,2022,transient,Generalist,bulk minerals
NC,18,LA,1056413464.1,5,1966801821.5,273,0.5371,678.0,9,10,15,6,7,9,2,2,4,0.0,2022,transient,Generalist,fuels
NC,22,AR,220026807.0,48,393652741.1,518,0.5589,820.0,8,12,16,8,11,14,4,5,7,0.0,2022,transient,Generalist,chemicals
NC,25,OH,163362.0,4,287868.0,5,0.5675,364.0,2,3,7,2,3,7,2,3,7,0.0,2022,transient,Generalist,wood and paper
NC,37,CT,10681633994.5,15,13003928313.5,1708,0.8214,476.0,0,0,0,0,0,0,0,0,0,1.2311,2022,transient,Generalist,machinery and vehicles
NC,41,OH,891678941.0,3,1282569836.4,317,0.6952,372.0,2,7,12,0,2,6,0,0,1,0.0,2022,transient,Generalist,scrap and mixed
ND,02,MN,652256730.8,33,663066992.5,46,0.9837,267.0,0,1,1,0,1,1,0,0,0,0.0599,2022,persistent,Specialist,farm and food
ND,03,MN,217474043.8,603,403577712.1,911,0.5389,261.0,1,2,5,1,1,4,1,1,4,0.0,2022,transient,Specialist,farm and food
ND,04,MN,258324245.2,201,500003176.9,447,0.5166,356.0,1,1,8,1,1,7,0,0,5,0.0,2022,transient,Specialist,farm and food
ND,09,IA,56000928.1,252,105457798.4,1271,0.531,456.0,1,1,10,1,1,8,1,1,6,0.0,2022,transient,Specialist,farm and food
ND,12,MN,10649459.5,243,17386884.2,272,0.6125,11.0,0,0,0,0,0,0,0,0,0,27.8182,2022,transient,Specialist,bulk minerals
ND,17,SD,148004631.0,71,205829112.8,82,0.7191,348.0,3,3,9,3,3,9,2,2,7,0.0,2022,transient,Specialist,fuels
ND,41,IL,299910124.8,1,350439480.6,59,0.8558,659.0,6,9,30,6,8,22,1,2,7,0.0,2022,transient,Specialist,scrap and mixed
NE,02,ND,361713906.4,1,661305057.1,86,0.547,562.0,11,14,17,10,13,15,7,8,8,0.0,2022,transient,Generalist,farm and food
NE,09,IA,168683855.9,1227,304522889.6,3518,0.5539,119.0,0,0,1,0,0,1,0,0,0,0.9076,2022,transient,Generalist,farm and food
NE,11,MN,2031315.0,23,3199480.7,35,0.6349,285.0,2,2,6,2,2,6,1,1,5,0.0,2022,transient,Generalist,bulk minerals
NE,15,WY,204169301.9,21,204295914.1,22,0.9994,514.0,1,3,5,1,2,4,1,2,3,0.0,2022,persistent,Generalist,bulk minerals
NE,18,TX,427367494.9,3,545097247.9,53,0.784,797.0,16,18,29,13,15,21,6,6,10,0.0,2022,transient,Generalist,fuels
NH,02,NE,17890713.1,1,25714530.2,81,0.6957,1388.0,26,29,34,24,27,32,17,20,24,0.0,2022,transient,Market,farm and food
NH,04,RI,307612848.4,245,464635358.9,787,0.6621,77.0,0,0,1,0,0,1,0,0,0,0.526,2022,transient,Market,farm and food
NH,07,MA,5050457748.1,3001,6081026713.2,11824,0.8305,71.0,0,0,0,0,0,0,0,0,0,1.6901,2022,transient,Market,farm and food
NH,10,VT,5253827.2,7,6022309.7,9,0.8724,81.0,0,0,1,0,0,0,0,0,0,0.5062,2022,transient,Market,bulk minerals
NH,11,NJ,402016.5,1,429308.3,2,0.9364,341.0,4,5,10,4,5,10,3,4,9,0.0,2022,transient,Market,bulk minerals
NH,12,ME,14201965.4,152,24890636.7,187,0.5706,6.0,0,0,0,0,0,0,0,0,0,2.9167,2022,transient,Market,bulk minerals
NH,13,MA,43180018.6,38,69842465.2,209,0.6182,37.0,0,0,0,0,0,0,0,0,0,1.5135,2022,transient,Market,bulk minerals
NH,17,MA,2800216190.3,79,3737977081.3,420,0.7491,44.0,0,0,0,0,0,0,0,0,0,2.0455,2022,persistent,Market,fuels
NH,18,MA,447576890.0,62,615500589.2,255,0.7272,35.0,0,0,0,0,0,0,0,0,0,2.3429,2022,persistent,Market,fuels
NH,19,MA,297297871.5,568,417631889.6,843,0.7119,64.0,0,0,2,0,0,0,0,0,0,0.3906,2022,transient,Market,fuels
NH,21,MA,4066144085.0,1791,5407346659.9,6928,0.752,61.0,0,0,1,0,0,1,0,0,0,0.7541,2022,persistent,Market,chemicals
NH,25,VT,52657.8,1,52657.8,1,1.0,18.0,0,0,0,0,0,0,0,0,0,3.8889,2022,transient,Market,wood and paper
NH,37,CT,2335625668.4,55,3781208795.8,1203,0.6177,109.0,0,0,1,0,0,1,0,0,0,0.7523,2022,transient,Market,machinery and vehicles
NH,41,CT,11333826.0,6,14363784.3,17,0.7891,146.0,3,3,4,3,3,4,3,3,4,0.0,2022,transient,Market,scrap and mixed
NJ,02,ND,113818813.3,29,155725470.2,81,0.7309,1285.0,18,19,23,15,16,20,14,15,19,0.0,2022,transient,Router,farm and food
NJ,03,NY,4266988325.1,7287,6880264331.3,12395,0.6202,18.0,0,0,0,0,0,0,0,0,0,3.2778,2022,persistent,Router,farm and food
NJ,10,VT,7310064.8,4,14132852.4,6,0.5172,213.0,1,1,1,1,1,1,1,1,1,0.0,2022,transient,Router,bulk minerals
NJ,11,GA,12486135.3,4,20645341.9,59,0.6048,710.0,6,9,15,3,6,12,1,3,6,0.0,2022,transient,Router,bulk minerals
NJ,14,CA,17261797.5,2,17261797.5,2,1.0,2400.0,4,4,4,4,4,4,3,3,3,0.0,2022,transient,Router,bulk minerals
NJ,15,WY,12925771.3,2,21753544.9,6,0.5942,1594.0,6,8,8,6,8,8,6,8,8,0.0,2022,transient,Router,bulk minerals
NJ,25,PA,2336690.3,2,2966841.3,12,0.7876,71.0,0,0,0,0,0,0,0,0,0,2.2817,2022,transient,Router,wood and paper
NJ,37,CT,2540931494.3,15,4434004294.4,1006,0.5731,131.0,1,1,2,0,0,0,0,0,0,0.0,2022,transient,Router,machinery and vehicles
NM,02,IL,178637235.0,6,200577185.2,37,0.8906,1069.0,14,20,21,14,19,20,10,15,15,0.0,2022,transient,Market,farm and food
NM,12,IL,270494.0,2,383516.0,5,0.7053,832.0,11,16,32,11,16,31,11,16,31,0.0,2022,transient,Market,bulk minerals
NM,13,TX,29664714.9,10,50178548.5,122,0.5912,501.5,4,5,17,2,3,11,1,2,7,0.0,2022,transient,Market,bulk minerals
NM,15,CO,10900618.3,699,10900618.3,699,1.0,121.0,0,0,0,0,0,0,0,0,0,2.5702,2022,persistent,Market,bulk minerals
NM,17,TX,948373829.0,54,1029302769.7,86,0.9214,192.0,0,0,0,0,0,0,0,0,0,1.4896,2022,transient,Market,fuels
NM,18,TX,1840216400.0,53,2392843000.8,89,0.7691,148.0,0,0,0,0,0,0,0,0,0,3.9865,2022,persistent,Market,fuels
NM,20,TX,455945361.6,303,733790527.7,1305,0.6214,448.0,5,6,13,3,3,8,1,1,5,0.0,2022,transient,Market,chemicals
NM,21,AZ,3894866302.2,1669,5640885717.6,8228,0.6905,343.0,2,3,6,2,3,5,1,1,2,0.0,2022,persistent,Market,chemicals
NM,22,TX,104795075.4,36,174614941.2,159,0.6001,62.0,0,0,0,0,0,0,0,0,0,1.1935,2022,transient,Market,chemicals
NM,25,OH,21621.6,1,21621.6,1,1.0,1267.0,6,8,11,6,8,11,6,8,11,0.0,2022,transient,Market,wood and paper
NM,26,TX,708697812.8,856,1248928395.5,2403,0.5674,611.0,3,5,22,0,1,15,0,1,12,0.0,2022,transient,Market,wood and paper
NM,31,TX,152703829.7,393,301103735.9,1280,0.5071,348.0,3,4,8,3,4,7,2,3,5,0.0,2022,transient,Market,metals and minerals
NM,32,TX,538107019.2,190,1064298012.0,1024,0.5056,273.0,0,2,3,0,2,3,0,1,1,0.2198,2022,transient,Market,metals and minerals
NM,38,AZ,3616797870.4,475,4911734565.0,5124,0.7364,337.0,0,1,3,0,1,3,0,0,1,0.0668,2022,transient,Market,machinery and vehicles
NV,02,AZ,15281148.0,1,23092990.8,17,0.6617,251.0,1,1,2,1,1,2,1,1,1,0.0,2022,transient,Generalist,farm and food
NV,03,CA,2326417998.4,1472,2820308737.6,2023,0.8249,110.0,0,0,0,0,0,0,0,0,0,2.6636,2022,transient,Generalist,farm and food
NV,06,CA,406543955.6,742,752501463.5,1379,0.5403,103.0,0,0,0,0,0,0,0,0,0,1.5631,2022,transient,Generalist,farm and food
NV,07,CA,2016561615.0,3112,3690020435.8,7041,0.5465,109.0,0,0,0,0,0,0,0,0,0,1.3394,2022,transient,Generalist,farm and food
NV,08,CA,591444215.0,489,1137191552.2,1026,0.5201,309.0,0,0,1,0,0,0,0,0,0,0.3447,2022,transient,Generalist,farm and food
NV,11,CA,1305721.3,8,2585078.4,11,0.5051,237.0,0,1,3,0,1,3,0,1,2,0.2236,2022,transient,Generalist,bulk minerals
NV,12,CA,15465858.2,38,15465858.2,38,1.0,126.0,0,0,0,0,0,0,0,0,0,1.0635,2022,transient,Generalist,bulk minerals
NV,14,MT,794652.1,7,794652.1,7,1.0,387.0,1,2,2,1,2,2,1,2,2,0.0,2022,transient,Generalist,bulk minerals
NV,15,UT,2028469.5,20,3938773.8,22,0.515,305.0,0,0,1,0,0,1,0,0,1,0.9066,2022,transient,Generalist,bulk minerals
NV,17,UT,466746858.3,2,846661893.0,121,0.5513,353.0,0,0,4,0,0,1,0,0,1,0.3144,2022,transient,Generalist,fuels
NV,18,TX,39799149.8,2,44037714.8,8,0.9038,839.0,5,6,19,4,5,18,4,5,18,0.0,2022,transient,Generalist,fuels
NV,19,UT,5998979779.8,56,6293185875.2,646,0.9533,258.0,0,0,0,0,0,0,0,0,0,3.7984,2022,transient,Generalist,fuels
NV,21,CA,7249513341.3,3240,11258621382.4,11685,0.6439,221.0,0,1,2,0,1,1,0,0,0,0.1629,2022,persistent,Generalist,chemicals
NV,22,CA,41752230.2,48,58692317.0,135,0.7114,145.0,0,0,1,0,0,1,0,0,0,0.7931,2022,persistent,Generalist,chemicals
NV,27,CA,277696704.9,482,514482140.5,663,0.5398,214.5,0,1,2,0,0,1,0,0,0,0.1655,2022,transient,Generalist,wood and paper
NV,31,CA,851139751.8,2414,1284600564.9,4035,0.6626,162.0,0,0,1,0,0,0,0,0,0,0.7901,2022,transient,Generalist,metals and minerals
NV,41,CA,161782551.6,19,170328903.1,24,0.9498,117.0,0,0,0,0,0,0,0,0,0,1.2222,2022,transient,Generalist,scrap and mixed
NY,02,CA,461157363.1,8,593681800.9,1364,0.7768,2462.5,20,20,20,16,16,16,8,8,8,0.0,2022,transient,Router,farm and food
NY,14,MN,931632149.5,12,931632149.5,12,1.0,750.5,0,0,0,0,0,0,0,0,0,,2022,transient,Router,bulk minerals
NY,15,KY,45423467.4,1,68001860.1,22,0.668,447.0,2,2,5,2,2,5,2,2,4,0.0,2022,transient,Router,bulk minerals
NY,18,TX,2987747496.4,3,3941432699.1,1603,0.758,1419.0,8,8,8,3,3,3,0,0,0,0.0,2022,transient,Router,fuels
NY,25,PA,373524313.1,23,426741838.5,43,0.8753,242.0,0,0,0,0,0,0,0,0,0,,2022,transient,Router,wood and paper
NY,28,NJ,3101198340.7,6098,5886813267.2,16385,0.5268,15.0,0,0,0,0,0,0,0,0,0,11.5667,2022,transient,Router,wood and paper
OH,02,KS,373731111.4,16,699107539.2,261,0.5346,963.0,14,16,18,12,14,15,8,8,8,0.0,2022,transient,Engine,farm and food
OH,10,CO,7573031.1,2,14078347.0,6,0.5379,1404.0,3,3,3,3,3,3,3,3,3,0.0,2022,transient,Engine,bulk minerals
OH,14,MN,372748986.7,5,372748986.7,5,1.0,547.0,0,0,0,0,0,0,0,0,0,1.7422,2022,transient,Engine,bulk minerals
OH,15,WV,2020537542.8,336,2611202099.0,463,0.7738,99.0,1,1,1,0,0,0,0,0,0,0.0,2022,transient,Engine,bulk minerals
OH,25,WV,54311830.0,307,71139998.3,322,0.7634,72.0,0,0,0,0,0,0,0,0,0,1.3889,2022,transient,Engine,wood and paper
OK,02,KS,585037135.5,144,737837462.6,230,0.7929,125.0,2,2,3,1,1,2,0,0,0,0.0,2022,transient,Generalist,farm and food
OK,11,TX,12814518.9,358,18237301.2,398,0.7027,444.0,3,5,12,3,5,12,2,3,7,0.0,2022,transient,Generalist,bulk minerals
OK,12,MO,29489666.4,533,48294769.9,1005,0.6106,98.0,0,0,0,0,0,0,0,0,0,1.5714,2022,transient,Generalist,bulk minerals
OK,15,WY,34762073.9,4,34762073.9,4,1.0,775.0,4,6,8,4,6,8,3,5,7,0.0,2022,persistent,Generalist,bulk minerals
OK,17,KS,2091851126.8,469,3949718124.0,572,0.5296,184.0,1,1,2,1,1,2,1,1,2,0.0,2022,transient,Generalist,fuels
OK,18,KS,2064953019.5,37,2908426858.2,136,0.71,64.0,1,1,1,1,1,1,1,1,1,0.0,2022,transient,Generalist,fuels
OK,21,TX,7608446656.4,2595,12134541350.9,15380,0.627,187.0,0,0,1,0,0,1,0,0,0,0.6631,2022,transient,Generalist,chemicals
OK,22,TX,438928826.6,51,874737771.7,307,0.5018,76.0,0,0,0,0,0,0,0,0,0,1.1974,2022,transient,Generalist,chemicals
OK,25,AR,20908985.7,13,21040567.7,14,0.9937,155.0,0,0,1,0,0,1,0,0,0,0.7032,2022,transient,Generalist,wood and paper
OK,38,TX,2444623931.1,2584,4307959774.7,10833,0.5675,419.0,0,2,10,0,2,9,0,0,2,0.0167,2022,transient,Generalist,machinery and vehicles
OK,41,TX,204827874.8,397,324556106.0,585,0.6311,89.0,0,1,1,0,0,0,0,0,0,0.2472,2022,transient,Generalist,scrap and mixed
OR,02,WA,1389436020.9,19,2457904925.5,164,0.5653,253.0,0,0,0,0,0,0,0,0,0,2.2648,2022,transient,Generalist,farm and food
OR,08,CA,466509814.7,1014,661386598.4,2027,0.7054,499.5,1,1,3,0,0,1,0,0,0,0.0,2022,persistent,Generalist,farm and food
OR,11,TX,45346892.3,1917,47992236.6,1932,0.9449,1733.0,5,8,11,5,6,7,2,2,2,0.0,2022,transient,Generalist,bulk minerals
OR,12,OK,27118628.3,23,45299928.9,67,0.5986,1446.0,6,12,25,4,9,19,1,4,12,0.0,2022,transient,Generalist,bulk minerals
OR,13,CA,67953114.0,213,122315824.2,416,0.5556,739.0,3,4,6,3,3,5,1,1,2,0.0,2022,transient,Generalist,bulk minerals
OR,15,UT,1076886.6,44,1638609.4,46,0.6572,479.0,0,0,1,0,0,1,0,0,1,0.6806,2022,transient,Generalist,bulk minerals
OR,17,WA,3008046238.1,26,3180054513.7,154,0.9459,231.0,0,0,0,0,0,0,0,0,0,3.8182,2022,transient,Generalist,fuels
OR,18,WA,2806403889.6,168,2996827412.7,191,0.9365,118.0,0,0,0,0,0,0,0,0,0,11.1017,2022,persistent,Generalist,fuels
OR,25,OH,15228.3,3,15228.3,3,1.0,2097.0,7,11,11,7,11,11,7,11,11,0.0,2022,transient,Generalist,wood and paper
OR,26,WA,1574596933.8,3582,3049077872.3,6755,0.5164,129.0,0,0,0,0,0,0,0,0,0,1.5581,2022,transient,Generalist,wood and paper
OR,41,WA,381007368.6,101,513991935.6,234,0.7413,94.0,0,0,0,0,0,0,0,0,0,3.6596,2022,transient,Generalist,scrap and mixed
OR,43,WA,5013645988.3,2915,9363335238.7,21127,0.5355,171.0,0,0,0,0,0,0,0,0,0,2.3333,2022,persistent,Generalist,scrap and mixed
PA,10,VT,20677759.5,3,20902043.4,5,0.9893,265.0,0,0,0,0,0,0,0,0,0,3.2962,2022,transient,Engine,bulk minerals
PA,15,WV,755012428.8,67,826332896.1,70,0.9137,73.0,0,0,0,0,0,0,0,0,0,2.9589,2022,persistent,Engine,bulk minerals
PA,25,OH,875092.9,9,875092.9,9,1.0,245.0,1,1,4,1,1,4,1,1,4,0.0,2022,transient,Engine,wood and paper
RI,02,IA,1835629.0,6,2667692.9,15,0.6881,1063.5,19,28,33,19,28,33,19,28,32,0.0,2022,transient,Generalist,farm and food
RI,03,MA,306246675.4,346,369521738.2,892,0.8288,36.0,0,0,1,0,0,1,0,0,1,0.6111,2022,transient,Generalist,farm and food
RI,10,PA,4225659.3,2,4309822.5,3,0.9805,210.5,2,2,2,1,1,1,1,1,1,0.0,2022,transient,Generalist,bulk minerals
RI,11,CT,4034708.6,10,5833969.9,23,0.6916,11.0,0,0,1,0,0,0,0,0,0,0.8182,2022,transient,Generalist,bulk minerals
RI,12,MA,1473610.8,71,2083917.0,75,0.7071,9.0,0,1,1,0,1,1,0,1,1,0.1667,2022,transient,Generalist,bulk minerals
RI,17,IA,135507680.3,81,135538546.9,91,0.9998,1167.0,24,30,37,21,27,33,14,19,22,0.0,2022,transient,Generalist,fuels
RI,18,CT,439620334.9,26,445470900.0,37,0.9869,111.0,2,2,4,0,0,2,0,0,1,0.0,2022,transient,Generalist,fuels
RI,19,MA,95204132.2,217,181218329.8,318,0.5254,27.0,0,0,0,0,0,0,0,0,0,1.3333,2022,transient,Generalist,fuels
RI,21,MA,1087096710.6,333,2019932752.4,3243,0.5382,63.0,1,1,2,1,1,1,1,1,1,0.0,2022,transient,Generalist,chemicals
RI,23,DE,999732817.0,7,1842463311.8,3641,0.5426,260.0,5,7,9,4,6,8,2,3,4,0.0,2022,transient,Generalist,chemicals
RI,27,MA,167941163.5,189,222178361.1,327,0.7559,47.0,0,0,1,0,0,1,0,0,1,0.9149,2022,transient,Generalist,wood and paper
RI,37,IN,89071456.0,9,131702675.5,117,0.6763,746.0,16,18,32,16,18,32,14,16,29,0.0,2022,transient,Generalist,machinery and vehicles
RI,41,NH,72024531.3,4,120907963.9,34,0.5957,72.0,2,2,2,2,2,2,1,1,1,0.0,2022,transient,Generalist,scrap and mixed
SC,04,GA,1008783547.6,429,1790734212.8,1239,0.5633,137.0,0,0,1,0,0,0,0,0,0,0.5985,2022,transient,Generalist,farm and food
SC,10,VT,5111945.2,1,8658768.5,3,0.5904,777.0,3,3,4,2,2,3,2,2,3,0.0,2022,transient,Generalist,bulk minerals
SC,17,NC,400712594.4,779,731162238.6,888,0.548,91.0,0,0,0,0,0,0,0,0,0,2.6374,2022,transient,Generalist,fuels
SC,18,GA,569524324.7,65,1024356489.8,272,0.556,160.0,0,0,0,0,0,0,0,0,0,1.0688,2022,transient,Generalist,fuels
SC,22,IL,988679765.2,5,1098623513.6,262,0.8999,543.0,2,4,8,0,2,4,0,0,0,0.0,2022,transient,Generalist,chemicals
SC,25,OH,1326.0,1,1326.0,1,1.0,384.0,2,2,7,2,2,7,2,2,7,0.0,2022,transient,Generalist,wood and paper
SD,02,MN,138857513.0,39,157364055.7,74,0.8824,41.0,0,0,1,0,0,1,0,0,1,0.878,2022,transient,Generalist,farm and food
SD,03,ND,360673622.9,227,516210310.2,1186,0.6987,179.0,0,2,6,0,2,5,0,2,4,0.0279,2022,transient,Generalist,farm and food
SD,09,IA,141301938.1,1215,187824527.5,2129,0.7523,176.0,0,0,0,0,0,0,0,0,0,1.4205,2022,transient,Generalist,farm and food
SD,10,VT,1715318.8,2,1715318.8,2,1.0,1187.0,3,4,4,3,4,4,3,3,3,0.0,2022,transient,Generalist,bulk minerals
SD,11,MN,422504.1,4,604080.4,10,0.6994,153.0,2,2,2,1,1,1,1,1,1,0.0,2022,transient,Generalist,bulk minerals
SD,12,NE,4021999.6,3,7238592.8,79,0.5556,189.0,2,2,4,2,2,3,2,2,3,0.0,2022,transient,Generalist,bulk minerals
SD,15,WY,43531348.9,188,43531348.9,188,1.0,115.0,0,0,0,0,0,0,0,0,0,1.6783,2022,persistent,Generalist,bulk minerals
SD,17,WY,414980720.3,573,697559239.4,904,0.5949,52.0,1,1,1,1,1,1,1,1,1,0.0,2022,transient,Generalist,fuels
SD,18,WY,24776949.2,39,49227854.2,58,0.5033,52.0,0,1,1,0,1,1,0,1,1,0.2019,2022,transient,Generalist,fuels
SD,19,MT,596449261.4,26,755524952.5,579,0.7895,399.0,2,3,10,1,2,9,1,1,4,0.0,2022,transient,Generalist,fuels
SD,22,IA,364886504.6,112,601158431.5,225,0.607,100.0,1,2,2,0,1,1,0,0,0,0.0,2022,transient,Generalist,chemicals
TN,10,OK,10226361.4,2,10314122.2,3,0.9915,525.0,0,1,3,0,1,3,0,1,3,0.221,2022,transient,Sustainer,bulk minerals
TN,15,KY,231243971.6,35,459197018.4,41,0.5036,94.0,0,0,0,0,0,0,0,0,0,1.0213,2022,persistent,Sustainer,bulk minerals
TN,25,AR,12340798.8,7,12493565.8,12,0.9878,144.0,0,0,0,0,0,0,0,0,0,1.1007,2022,transient,Sustainer,wood and paper
TX,10,OK,19963177.5,26,24527367.3,28,0.8139,184.0,0,0,0,0,0,0,0,0,0,2.625,2022,transient,Engine,bulk minerals
TX,14,CA,14781757.3,3,14799474.7,4,0.9988,1222.0,1,4,4,1,4,4,1,4,4,0.0,2022,transient,Engine,bulk minerals
TX,15,WY,1153420625.3,108,1205977209.6,142,0.9564,1096.0,3,3,4,1,1,2,1,1,1,0.0,2022,persistent,Engine,bulk minerals
TX,17,LA,5513733790.3,20,10880963246.9,3065,0.5067,212.5,0,0,0,0,0,0,0,0,0,2.8871,2022,transient,Engine,fuels
TX,18,LA,4501133648.6,30,7742157531.1,406,0.5814,130.0,1,1,1,1,1,1,0,0,0,0.0,2022,persistent,Engine,fuels
TX,25,TN,56880292.2,9,57190373.9,18,0.9946,559.0,1,2,3,0,0,0,0,0,0,0.0,2022,transient,Engine,wood and paper
UT,02,CO,31344896.6,23,46455812.6,66,0.6747,375.0,1,2,4,0,1,3,0,1,3,0.0,2022,transient,Router,farm and food
UT,03,CA,521457544.6,659,871934465.3,2408,0.598,577.0,2,5,14,2,5,13,1,2,7,0.0,2022,transient,Router,farm and food
UT,08,CA,150494331.6,48,267795825.5,205,0.562,529.0,4,4,12,4,4,11,2,2,7,0.0,2022,transient,Router,farm and food
UT,14,CA,346832.2,1,346832.2,1,1.0,585.0,2,2,3,2,2,3,2,2,3,0.0,2022,transient,Router,bulk minerals
UT,15,CO,98425201.2,17,98425201.2,17,1.0,47.0,0,0,0,0,0,0,0,0,0,6.8298,2022,persistent,Router,bulk minerals
UT,18,NV,57152948.5,55,93986860.2,110,0.6081,194.0,0,0,0,0,0,0,0,0,0,1.2938,2022,transient,Router,fuels
VA,06,MD,3247945043.5,1221,4750714375.6,3726,0.6837,32.0,0,0,0,0,0,0,0,0,0,5.5,2022,transient,Generalist,farm and food
VA,09,FL,1039501052.0,1147,1955972320.6,9792,0.5314,734.0,6,7,8,4,4,4,0,0,0,0.0,2022,transient,Generalist,farm and food
VA,10,PA,8338751.0,6,15760077.3,11,0.5291,259.5,0,0,1,0,0,1,0,0,1,0.8459,2022,transient,Generalist,bulk minerals
VA,15,WV,4275823483.5,62,4739666240.0,67,0.9021,280.0,0,0,0,0,0,0,0,0,0,,2022,persistent,Generalist,bulk minerals
VT,02,ME,17220672.8,9,19129140.0,29,0.9002,214.0,1,1,5,0,0,4,0,0,1,0.0,2022,transient,Specialist,farm and food
VT,10,CO,13811569.2,1,13945821.7,2,0.9904,1846.0,2,2,2,2,2,2,1,1,1,0.0,2022,transient,Specialist,bulk minerals
VT,12,NH,137378.7,5,252012.6,8,0.5451,88.0,1,1,2,1,1,2,1,1,2,0.0,2022,transient,Specialist,bulk minerals
VT,13,NY,5651473.4,17,8166750.3,40,0.692,180.0,2,5,7,1,2,4,1,1,3,0.0,2022,transient,Specialist,bulk minerals
VT,17,NY,1077874276.6,62,1258303446.5,112,0.8566,130.0,0,1,2,0,1,1,0,0,0,0.1,2022,transient,Specialist,fuels
VT,18,NH,752387117.5,117,909807434.9,164,0.827,15.0,0,0,0,0,0,0,0,0,0,7.6667,2022,transient,Specialist,fuels
VT,19,NY,499088201.2,307,668144856.8,636,0.747,34.0,1,1,1,1,1,1,0,0,0,0.0,2022,transient,Specialist,fuels
VT,21,MA,1286015825.8,538,1934985717.8,2886,0.6646,136.5,0,0,2,0,0,2,0,0,2,0.2821,2022,persistent,Specialist,chemicals
VT,25,ME,1145169.5,3,1148492.3,4,0.9971,83.0,0,0,0,0,0,0,0,0,0,2.8554,2022,transient,Specialist,wood and paper
VT,27,MA,39042318.8,20,72385962.8,93,0.5394,181.0,2,3,7,2,3,6,1,2,5,0.0,2022,transient,Specialist,wood and paper
VT,37,IN,96404251.7,4,133965865.5,79,0.7196,683.0,12,17,28,12,17,28,10,15,25,0.0,2022,transient,Specialist,machinery and vehicles
VT,41,RI,66382725.2,1,84434517.4,14,0.7862,224.0,4,6,9,4,6,9,2,4,6,0.0,2022,transient,Specialist,scrap and mixed
WA,02,MN,2542221487.5,123,3290649837.2,271,0.7726,1297.0,3,3,6,0,0,1,0,0,0,0.0,2022,transient,Market,farm and food
WA,08,CA,1426562382.0,810,2409234489.7,1981,0.5921,646.0,0,0,0,0,0,0,0,0,0,1.3282,2022,transient,Market,farm and food
WA,11,OR,6050279.8,17,9580720.5,32,0.6315,28.0,0,0,0,0,0,0,0,0,0,18.9286,2022,transient,Market,bulk minerals
WA,12,WI,480123576.2,3,525113935.7,116,0.9143,1653.0,1,1,1,0,0,0,0,0,0,0.0,2022,transient,Market,bulk minerals
WA,14,ID,365760215.2,42,487441393.2,46,0.7504,113.0,0,0,0,0,0,0,0,0,0,3.2035,2022,transient,Market,bulk minerals
WA,15,WY,72378939.4,4,72378939.4,4,1.0,861.0,1,2,3,1,2,3,0,0,1,0.0,2022,transient,Market,bulk minerals
WA,21,OR,7047974230.4,3865,13142034921.0,30421,0.5363,143.0,0,0,0,0,0,0,0,0,0,3.8671,2022,transient,Market,chemicals
WA,26,OR,2522595842.6,4632,3900220060.2,8613,0.6468,149.0,0,0,1,0,0,0,0,0,0,0.5503,2022,transient,Market,wood and paper
WA,43,OR,23172024475.4,7273,30247123068.4,39030,0.7661,157.0,0,0,0,0,0,0,0,0,0,3.3758,2022,persistent,Market,scrap and mixed
WI,02,KS,170768059.0,4,275808633.8,126,0.6192,754.0,13,17,18,12,16,17,11,13,14,0.0,2022,transient,Sustainer,farm and food
WI,03,ND,2376043047.2,115,3608497808.0,3191,0.6585,501.0,7,8,14,1,2,4,0,0,0,0.0,2022,transient,Sustainer,farm and food
WI,11,IL,31050258.4,76,38708621.9,105,0.8022,103.0,1,1,1,0,0,0,0,0,0,0.0,2022,transient,Sustainer,bulk minerals
WI,15,WY,68273730.7,10,72396010.9,12,0.9431,852.5,6,7,8,5,6,7,5,5,5,0.0,2022,persistent,Sustainer,bulk minerals
WI,17,MN,876416335.3,245,976025308.1,309,0.8979,216.0,3,4,6,2,3,5,2,3,5,0.0,2022,transient,Sustainer,fuels
WI,21,IL,18238976285.3,3969,24706527879.0,24316,0.7382,103.0,0,0,0,0,0,0,0,0,0,2.5583,2022,persistent,Sustainer,chemicals
WI,25,OH,1160459.2,11,1176132.0,12,0.9867,551.0,5,8,11,5,8,11,5,8,10,0.0,2022,transient,Sustainer,wood and paper
WI,37,IN,756005588.4,149,1441770248.1,1024,0.5244,222.0,2,3,6,0,1,3,0,0,1,0.0,2022,transient,Sustainer,machinery and vehicles
WI,39,IL,1903761571.0,1169,3746173077.5,12576,0.5082,166.0,1,2,3,0,1,2,0,0,0,0.0,2022,transient,Sustainer,other manufactured
WI,41,IL,648720184.6,178,1093026076.7,536,0.5935,189.0,2,2,4,1,1,2,0,0,0,0.0,2022,transient,Sustainer,scrap and mixed
WV,02,IA,2534349.2,7,3148133.8,19,0.805,587.0,18,21,30,18,21,30,17,20,29,0.0,2022,transient,Sustainer,farm and food
WV,06,OH,243599503.8,402,452477476.6,1268,0.5384,143.0,3,4,6,3,4,6,3,4,5,0.0,2022,transient,Sustainer,farm and food
WV,08,VA,196837912.7,60,381007965.4,342,0.5166,181.0,1,3,7,1,3,6,1,3,6,0.0,2022,transient,Sustainer,farm and food
WV,10,PA,1296268.3,1,1296268.3,1,1.0,185.0,0,0,0,0,0,0,0,0,0,1.3973,2022,transient,Sustainer,bulk minerals
WV,11,MO,41700633.5,44,56968011.1,225,0.732,488.0,5,6,8,4,5,5,1,2,2,0.0,2022,transient,Sustainer,bulk minerals
WV,15,PA,850352075.4,312,944280021.7,361,0.9005,16.0,0,0,0,0,0,0,0,0,0,10.0,2022,transient,Sustainer,bulk minerals
WV,17,KY,6858558453.9,30,7460422348.9,226,0.9193,5.0,0,0,0,0,0,0,0,0,0,88.8,2022,persistent,Sustainer,fuels
WV,18,KY,3193501322.0,29,3325326466.0,135,0.9604,30.0,0,0,1,0,0,0,0,0,0,0.5833,2022,transient,Sustainer,fuels
WV,25,PA,3271321.2,1,4779954.8,2,0.6844,158.0,1,1,3,1,1,3,1,1,3,0.0,2022,transient,Sustainer,wood and paper
WV,32,PA,2093739742.8,1240,3915352915.6,4031,0.5348,37.0,0,0,2,0,0,1,0,0,0,0.8919,2022,transient,Sustainer,metals and minerals
WY,02,CO,4865797.1,6,6209512.9,18,0.7836,124.5,0,0,2,0,0,2,0,0,2,0.6466,2022,transient,Specialist,farm and food
WY,03,CO,92356698.9,543,163115749.3,1061,0.5662,98.0,0,0,1,0,0,1,0,0,0,0.8469,2022,transient,Specialist,farm and food
WY,11,IL,12017925.0,110,20473765.9,220,0.587,830.0,7,10,19,7,10,16,3,6,8,0.0,2022,transient,Specialist,bulk minerals
WY,12,UT,1987008.0,1,2614440.0,4,0.76,222.0,2,2,3,2,2,3,1,1,2,0.0,2022,transient,Specialist,bulk minerals
WY,13,UT,119880025.8,46,158786504.4,100,0.755,243.0,1,1,1,0,0,0,0,0,0,0.0,2022,persistent,Specialist,bulk minerals
WY,15,CO,18151303.3,86,18151303.3,86,1.0,100.0,0,0,0,0,0,0,0,0,0,1.42,2022,transient,Specialist,bulk minerals
WY,17,MT,370484456.5,11,615688933.7,167,0.6017,229.0,2,3,4,1,2,3,1,1,2,0.0,2022,transient,Specialist,fuels
WY,18,OR,573690783.1,1,932988841.6,31,0.6149,770.0,7,10,20,4,5,12,2,3,7,0.0,2022,transient,Specialist,fuels
WY,22,OK,121340108.0,44,195561669.4,85,0.6205,497.0,3,6,15,2,4,12,1,2,6,0.0,2022,transient,Specialist,chemicals
WY,24,CO,773289017.6,175,1334501665.2,2368,0.5795,101.0,0,0,0,0,0,0,0,0,0,1.8812,2022,transient,Specialist,chemicals
WY,43,UT,4047451403.4,1322,6403451162.6,7781,0.6321,213.0,1,1,1,0,0,0,0,0,0,0.0,2022,transient,Specialist,scrap and mixed
